Repository,File Name,Class,Start Line,End Line,Displacement,Level
02_Day_Variables_builtin_functions,variables.py,Simple List,10,10,9,A1
02_Day_Variables_builtin_functions,variables.py,Simple Tuple,33,33,0,A1
02_Day_Variables_builtin_functions,variables.py,Simple Tuple,33,33,50,A1
02_Day_Variables_builtin_functions,variables.py,Simple Dictionary,11,16,14,A2
02_Day_Variables_builtin_functions,variables.py,Print,20,20,0,A1
02_Day_Variables_builtin_functions,variables.py,Print,21,21,0,A1
02_Day_Variables_builtin_functions,variables.py,Print,22,22,0,A1
02_Day_Variables_builtin_functions,variables.py,Print,23,23,0,A1
02_Day_Variables_builtin_functions,variables.py,Print,24,24,0,A1
02_Day_Variables_builtin_functions,variables.py,Print,25,25,0,A1
02_Day_Variables_builtin_functions,variables.py,Print,26,26,0,A1
02_Day_Variables_builtin_functions,variables.py,Print,27,27,0,A1
02_Day_Variables_builtin_functions,variables.py,Print,28,28,0,A1
02_Day_Variables_builtin_functions,variables.py,Print,29,29,0,A1
02_Day_Variables_builtin_functions,variables.py,Print,35,35,0,A1
02_Day_Variables_builtin_functions,variables.py,Print,36,36,0,A1
02_Day_Variables_builtin_functions,variables.py,Print,37,37,0,A1
02_Day_Variables_builtin_functions,variables.py,Print,38,38,0,A1
02_Day_Variables_builtin_functions,variables.py,Print,39,39,0,A1
02_Day_Variables_builtin_functions,variables.py,Print,40,40,0,A1
02_Day_Variables_builtin_functions,variables.py,Simple Assignment,4,4,0,A1
02_Day_Variables_builtin_functions,variables.py,Simple Assignment,5,5,0,A1
02_Day_Variables_builtin_functions,variables.py,Simple Assignment,6,6,0,A1
02_Day_Variables_builtin_functions,variables.py,Simple Assignment,7,7,0,A1
02_Day_Variables_builtin_functions,variables.py,Simple Assignment,8,8,0,A1
02_Day_Variables_builtin_functions,variables.py,Simple Assignment,9,9,0,A1
02_Day_Variables_builtin_functions,variables.py,Simple Assignment,10,10,0,A1
02_Day_Variables_builtin_functions,variables.py,Simple Assignment,11,16,0,A1
02_Day_Variables_builtin_functions,variables.py,Simple Assignment,33,33,0,A1
12_Day_Modules,main.py,Print,3,3,0,A1
12_Day_Modules,main.py,Print,4,4,0,A1
12_Day_Modules,main.py,Print,6,6,0,A1
12_Day_Modules,main.py,Print,8,8,0,A1
12_Day_Modules,main.py,Print,9,9,0,A1
12_Day_Modules,main.py,Print,10,10,0,A1
12_Day_Modules,main.py,Subscript,10,10,6,A1
12_Day_Modules,main.py,Simple Assignment,5,5,0,A1
12_Day_Modules,main.py,Assigment with sum (total = total + 1),7,7,0,A1
12_Day_Modules,main.py,From with 'as' extension  with 'as' extension  with 'as' extension  with 'as' extension ,2,2,0,B1
12_Day_Modules,main.py,Alias,2,2,21,A1
12_Day_Modules,main.py,Alias,2,2,53,A1
12_Day_Modules,main.py,Alias,2,2,76,A1
12_Day_Modules,main.py,Alias,2,2,89,A1
12_Day_Modules,mymodule.py,Simple Dictionary,9,14,9,A2
12_Day_Modules,mymodule.py,Simple Assignment,8,8,0,A1
12_Day_Modules,mymodule.py,Simple Assignment,9,14,0,A1
12_Day_Modules,mymodule.py,Simple Assignment,2,2,6,A1
12_Day_Modules,mymodule.py,Assigment with sum (total = total + 1),3,3,6,A1
12_Day_Modules,mymodule.py,Function with Simple argument,1,4,0,A1
12_Day_Modules,mymodule.py,Function with Simple argument,6,7,0,A1
12_Day_Modules,mymodule.py,Return,4,4,6,A1
12_Day_Modules,mymodule.py,Return,7,7,4,A1
05_Day_Lists,day_5.py,Simple List,5,5,9,A1
05_Day_Lists,day_5.py,Simple List,6,7,13,A1
05_Day_Lists,day_5.py,Simple List,8,9,18,A1
05_Day_Lists,day_5.py,Simple List,10,11,12,A1
05_Day_Lists,day_5.py,Simple List,12,12,12,A1
05_Day_Lists,day_5.py,Simple List,27,27,9,A1
05_Day_Lists,day_5.py,Simple List,39,39,9,A1
05_Day_Lists,day_5.py,Simple List,46,46,9,A1
05_Day_Lists,day_5.py,Simple List,53,53,9,A1
05_Day_Lists,day_5.py,Simple List,60,60,9,A1
05_Day_Lists,day_5.py,Simple List,70,70,9,A1
05_Day_Lists,day_5.py,Simple List,77,77,9,A1
05_Day_Lists,day_5.py,Simple List,85,85,9,A1
05_Day_Lists,day_5.py,Simple List,93,93,9,A1
05_Day_Lists,day_5.py,Simple List,100,100,9,A1
05_Day_Lists,day_5.py,Simple List,108,108,9,A1
05_Day_Lists,day_5.py,Simple List,118,118,9,A1
05_Day_Lists,day_5.py,Simple List,124,124,9,A1
05_Day_Lists,day_5.py,Simple List,129,129,19,A1
05_Day_Lists,day_5.py,Simple List,130,130,7,A1
05_Day_Lists,day_5.py,Simple List,131,131,19,A1
05_Day_Lists,day_5.py,Simple List,134,134,9,A1
05_Day_Lists,day_5.py,Simple List,135,135,13,A1
05_Day_Lists,day_5.py,Simple List,140,140,7,A1
05_Day_Lists,day_5.py,Simple List,141,141,7,A1
05_Day_Lists,day_5.py,Simple List,144,144,19,A1
05_Day_Lists,day_5.py,Simple List,145,145,19,A1
05_Day_Lists,day_5.py,Simple List,146,146,7,A1
05_Day_Lists,day_5.py,Simple List,151,151,9,A1
05_Day_Lists,day_5.py,Simple List,152,152,13,A1
05_Day_Lists,day_5.py,Simple List,157,157,9,A1
05_Day_Lists,day_5.py,Simple List,159,159,7,A1
05_Day_Lists,day_5.py,Simple List,163,163,9,A1
05_Day_Lists,day_5.py,Simple List,165,165,7,A1
05_Day_Lists,day_5.py,Simple List,168,168,9,A1
05_Day_Lists,day_5.py,Simple List,171,171,7,A1
05_Day_Lists,day_5.py,Simple List,176,176,9,A1
05_Day_Lists,day_5.py,Simple List,181,181,7,A1
05_Day_Lists,day_5.py,Print,2,2,0,A1
05_Day_Lists,day_5.py,Print,15,15,0,A1
05_Day_Lists,day_5.py,Print,16,16,0,A1
05_Day_Lists,day_5.py,Print,17,17,0,A1
05_Day_Lists,day_5.py,Print,18,18,0,A1
05_Day_Lists,day_5.py,Print,19,19,0,A1
05_Day_Lists,day_5.py,Print,20,20,0,A1
05_Day_Lists,day_5.py,Print,21,21,0,A1
05_Day_Lists,day_5.py,Print,22,22,0,A1
05_Day_Lists,day_5.py,Print,23,23,0,A1
05_Day_Lists,day_5.py,Print,29,29,0,A1
05_Day_Lists,day_5.py,Print,31,31,0,A1
05_Day_Lists,day_5.py,Print,33,33,0,A1
05_Day_Lists,day_5.py,Print,42,42,0,A1
05_Day_Lists,day_5.py,Print,43,43,0,A1
05_Day_Lists,day_5.py,Print,62,62,0,A1
05_Day_Lists,day_5.py,Print,64,64,0,A1
05_Day_Lists,day_5.py,Print,67,67,0,A1
05_Day_Lists,day_5.py,Print,72,72,0,A1
05_Day_Lists,day_5.py,Print,74,74,0,A1
05_Day_Lists,day_5.py,Print,79,79,0,A1
05_Day_Lists,day_5.py,Print,82,82,0,A1
05_Day_Lists,day_5.py,Print,87,87,0,A1
05_Day_Lists,day_5.py,Print,90,90,0,A1
05_Day_Lists,day_5.py,Print,95,95,0,A1
05_Day_Lists,day_5.py,Print,97,97,0,A1
05_Day_Lists,day_5.py,Print,102,102,0,A1
05_Day_Lists,day_5.py,Print,105,105,0,A1
05_Day_Lists,day_5.py,Print,110,110,0,A1
05_Day_Lists,day_5.py,Print,113,113,0,A1
05_Day_Lists,day_5.py,Print,115,115,0,A1
05_Day_Lists,day_5.py,Print,120,120,0,A1
05_Day_Lists,day_5.py,Print,126,126,0,A1
05_Day_Lists,day_5.py,Print,133,133,0,A1
05_Day_Lists,day_5.py,Print,137,137,0,A1
05_Day_Lists,day_5.py,Print,143,143,0,A1
05_Day_Lists,day_5.py,Print,150,150,0,A1
05_Day_Lists,day_5.py,Print,154,154,0,A1
05_Day_Lists,day_5.py,Print,158,158,0,A1
05_Day_Lists,day_5.py,Print,160,160,0,A1
05_Day_Lists,day_5.py,Print,164,164,0,A1
05_Day_Lists,day_5.py,Print,166,166,0,A1
05_Day_Lists,day_5.py,Print,170,170,0,A1
05_Day_Lists,day_5.py,Print,173,173,0,A1
05_Day_Lists,day_5.py,Print,178,178,0,A1
05_Day_Lists,day_5.py,Print,180,180,0,A1
05_Day_Lists,day_5.py,Print,183,183,0,A1
05_Day_Lists,day_5.py,Print,185,185,0,A1
05_Day_Lists,day_5.py,Simple Atributte,78,78,0,A2
05_Day_Lists,day_5.py,Simple Atributte,81,81,0,A2
05_Day_Lists,day_5.py,Simple Atributte,86,86,0,A2
05_Day_Lists,day_5.py,Simple Atributte,89,89,0,A2
05_Day_Lists,day_5.py,Simple Atributte,94,94,0,A2
05_Day_Lists,day_5.py,Simple Atributte,96,96,0,A2
05_Day_Lists,day_5.py,Simple Atributte,101,101,0,A2
05_Day_Lists,day_5.py,Simple Atributte,104,104,0,A2
05_Day_Lists,day_5.py,Simple Atributte,119,119,0,A2
05_Day_Lists,day_5.py,Simple Atributte,125,125,14,A2
05_Day_Lists,day_5.py,Simple Atributte,142,142,0,A2
05_Day_Lists,day_5.py,Simple Atributte,148,148,0,A2
05_Day_Lists,day_5.py,Simple Atributte,149,149,0,A2
05_Day_Lists,day_5.py,Simple Atributte,153,153,0,A2
05_Day_Lists,day_5.py,Simple Atributte,169,169,0,A2
05_Day_Lists,day_5.py,Simple Atributte,172,172,0,A2
05_Day_Lists,day_5.py,Simple Atributte,177,177,0,A2
05_Day_Lists,day_5.py,Simple Atributte,179,179,0,A2
05_Day_Lists,day_5.py,Simple Atributte,182,182,0,A2
05_Day_Lists,day_5.py,Simple Atributte,184,184,0,A2
05_Day_Lists,day_5.py,Simple Atributte,158,158,6,A2
05_Day_Lists,day_5.py,Simple Atributte,160,160,6,A2
05_Day_Lists,day_5.py,Simple Atributte,164,164,6,A2
05_Day_Lists,day_5.py,Simple Atributte,166,166,6,A2
05_Day_Lists,day_5.py,Simple Atributte,170,170,6,A2
05_Day_Lists,day_5.py,Simple Atributte,173,173,6,A2
05_Day_Lists,day_5.py,Unary Operation,40,40,20,A1
05_Day_Lists,day_5.py,Unary Operation,41,41,21,A1
05_Day_Lists,day_5.py,Unary Operation,131,131,20,A1
05_Day_Lists,day_5.py,Unary Operation,131,131,24,A1
05_Day_Lists,day_5.py,Unary Operation,131,131,28,A1
05_Day_Lists,day_5.py,Unary Operation,131,131,32,A1
05_Day_Lists,day_5.py,Unary Operation,131,131,36,A1
05_Day_Lists,day_5.py,Unary Operation,144,144,20,A1
05_Day_Lists,day_5.py,Unary Operation,144,144,24,A1
05_Day_Lists,day_5.py,Unary Operation,144,144,28,A1
05_Day_Lists,day_5.py,Unary Operation,144,144,32,A1
05_Day_Lists,day_5.py,Unary Operation,144,144,36,A1
05_Day_Lists,day_5.py,Unary Operation,54,54,20,A1
05_Day_Lists,day_5.py,Unary Operation,56,56,26,A1
05_Day_Lists,day_5.py,Unary Operation,56,56,29,A1
05_Day_Lists,day_5.py,Unary Operation,57,57,28,A1
05_Day_Lists,day_5.py,Subscript,28,28,14,A1
05_Day_Lists,day_5.py,Subscript,30,30,15,A1
05_Day_Lists,day_5.py,Subscript,32,32,13,A1
05_Day_Lists,day_5.py,Subscript,36,36,13,A1
05_Day_Lists,day_5.py,Subscript,40,40,13,A1
05_Day_Lists,day_5.py,Subscript,41,41,14,A1
05_Day_Lists,day_5.py,Subscript,47,47,13,A1
05_Day_Lists,day_5.py,Subscript,49,49,13,A1
05_Day_Lists,day_5.py,Subscript,50,50,19,A1
05_Day_Lists,day_5.py,Subscript,51,51,21,A1
05_Day_Lists,day_5.py,Subscript,54,54,13,A1
05_Day_Lists,day_5.py,Subscript,56,56,19,A1
05_Day_Lists,day_5.py,Subscript,57,57,21,A1
05_Day_Lists,day_5.py,Subscript,61,61,0,A1
05_Day_Lists,day_5.py,Subscript,63,63,0,A1
05_Day_Lists,day_5.py,Subscript,66,66,0,A1
05_Day_Lists,day_5.py,Subscript,109,109,4,A1
05_Day_Lists,day_5.py,Subscript,112,112,4,A1
05_Day_Lists,day_5.py,Slice,47,47,20,A1
05_Day_Lists,day_5.py,Slice,49,49,20,A1
05_Day_Lists,day_5.py,Slice,50,50,26,A1
05_Day_Lists,day_5.py,Slice,51,51,28,A1
05_Day_Lists,day_5.py,Slice,54,54,20,A1
05_Day_Lists,day_5.py,Slice,56,56,26,A1
05_Day_Lists,day_5.py,Slice,57,57,28,A1
05_Day_Lists,day_5.py,Simple Assignment,1,1,0,A1
05_Day_Lists,day_5.py,Simple Assignment,5,5,0,A1
05_Day_Lists,day_5.py,Simple Assignment,6,7,0,A1
05_Day_Lists,day_5.py,Simple Assignment,8,9,0,A1
05_Day_Lists,day_5.py,Simple Assignment,10,11,0,A1
05_Day_Lists,day_5.py,Simple Assignment,12,12,0,A1
05_Day_Lists,day_5.py,Simple Assignment,27,27,0,A1
05_Day_Lists,day_5.py,Simple Assignment,28,28,0,A1
05_Day_Lists,day_5.py,Simple Assignment,30,30,0,A1
05_Day_Lists,day_5.py,Simple Assignment,32,32,0,A1
05_Day_Lists,day_5.py,Assigment with sum (total = total + 1),35,35,0,A1
05_Day_Lists,day_5.py,Simple Assignment,36,36,0,A1
05_Day_Lists,day_5.py,Simple Assignment,39,39,0,A1
05_Day_Lists,day_5.py,Simple Assignment,40,40,0,A1
05_Day_Lists,day_5.py,Simple Assignment,41,41,0,A1
05_Day_Lists,day_5.py,Simple Assignment,46,46,0,A1
05_Day_Lists,day_5.py,Simple Assignment,47,47,0,A1
05_Day_Lists,day_5.py,Simple Assignment,49,49,0,A1
05_Day_Lists,day_5.py,Simple Assignment,50,50,0,A1
05_Day_Lists,day_5.py,Simple Assignment,51,51,0,A1
05_Day_Lists,day_5.py,Simple Assignment,53,53,0,A1
05_Day_Lists,day_5.py,Simple Assignment,54,54,0,A1
05_Day_Lists,day_5.py,Simple Assignment,56,56,0,A1
05_Day_Lists,day_5.py,Simple Assignment,57,57,0,A1
05_Day_Lists,day_5.py,Simple Assignment,60,60,0,A1
05_Day_Lists,day_5.py,Simple Assignment,61,61,0,A1
05_Day_Lists,day_5.py,Simple Assignment,63,63,0,A1
05_Day_Lists,day_5.py,Simple Assignment,65,65,0,A1
05_Day_Lists,day_5.py,Simple Assignment,66,66,0,A1
05_Day_Lists,day_5.py,Simple Assignment,70,70,0,A1
05_Day_Lists,day_5.py,Simple Assignment,71,71,0,A1
05_Day_Lists,day_5.py,Simple Assignment,73,73,0,A1
05_Day_Lists,day_5.py,Simple Assignment,77,77,0,A1
05_Day_Lists,day_5.py,Simple Assignment,85,85,0,A1
05_Day_Lists,day_5.py,Simple Assignment,93,93,0,A1
05_Day_Lists,day_5.py,Simple Assignment,100,100,0,A1
05_Day_Lists,day_5.py,Simple Assignment,108,108,0,A1
05_Day_Lists,day_5.py,Simple Assignment,118,118,0,A1
05_Day_Lists,day_5.py,Simple Assignment,124,124,0,A1
05_Day_Lists,day_5.py,Simple Assignment,125,125,0,A1
05_Day_Lists,day_5.py,Simple Assignment,129,129,0,A1
05_Day_Lists,day_5.py,Simple Assignment,130,130,0,A1
05_Day_Lists,day_5.py,Simple Assignment,131,131,0,A1
05_Day_Lists,day_5.py,Assigment with sum (total = total + 1),132,132,0,A1
05_Day_Lists,day_5.py,Simple Assignment,134,134,0,A1
05_Day_Lists,day_5.py,Simple Assignment,135,135,0,A1
05_Day_Lists,day_5.py,Assigment with sum (total = total + 1),136,136,0,A1
05_Day_Lists,day_5.py,Simple Assignment,140,140,0,A1
05_Day_Lists,day_5.py,Simple Assignment,141,141,0,A1
05_Day_Lists,day_5.py,Simple Assignment,144,144,0,A1
05_Day_Lists,day_5.py,Simple Assignment,145,145,0,A1
05_Day_Lists,day_5.py,Simple Assignment,146,146,0,A1
05_Day_Lists,day_5.py,Simple Assignment,151,151,0,A1
05_Day_Lists,day_5.py,Simple Assignment,152,152,0,A1
05_Day_Lists,day_5.py,Simple Assignment,157,157,0,A1
05_Day_Lists,day_5.py,Simple Assignment,159,159,0,A1
05_Day_Lists,day_5.py,Simple Assignment,163,163,0,A1
05_Day_Lists,day_5.py,Simple Assignment,165,165,0,A1
05_Day_Lists,day_5.py,Simple Assignment,168,168,0,A1
05_Day_Lists,day_5.py,Simple Assignment,171,171,0,A1
05_Day_Lists,day_5.py,Simple Assignment,176,176,0,A1
05_Day_Lists,day_5.py,Simple Assignment,181,181,0,A1
05_Day_Lists,day_5.py,Delete,109,109,0,A1
05_Day_Lists,day_5.py,Delete,112,112,0,A1
05_Day_Lists,day_5.py,Delete,114,114,0,A1
04_Day_Strings,day_4.py,Simple List,214,214,11,A1
04_Day_Strings,day_4.py,Simple Tuple,37,37,0,A1
04_Day_Strings,day_4.py,Print,4,4,0,A1
04_Day_Strings,day_4.py,Print,5,5,0,A1
04_Day_Strings,day_4.py,Print,7,7,0,A1
04_Day_Strings,day_4.py,Print,8,8,0,A1
04_Day_Strings,day_4.py,Print,10,10,0,A1
04_Day_Strings,day_4.py,Print,16,16,0,A1
04_Day_Strings,day_4.py,Print,21,21,0,A1
04_Day_Strings,day_4.py,Print,28,28,0,A1
04_Day_Strings,day_4.py,Print,30,30,0,A1
04_Day_Strings,day_4.py,Print,31,31,0,A1
04_Day_Strings,day_4.py,Print,32,32,0,A1
04_Day_Strings,day_4.py,Print,33,33,0,A1
04_Day_Strings,day_4.py,Print,38,38,0,A1
04_Day_Strings,day_4.py,Print,39,39,0,A1
04_Day_Strings,day_4.py,Print,40,40,0,A1
04_Day_Strings,day_4.py,Print,41,41,0,A1
04_Day_Strings,day_4.py,Print,42,42,0,A1
04_Day_Strings,day_4.py,Print,43,43,0,A1
04_Day_Strings,day_4.py,Print,48,48,0,A1
04_Day_Strings,day_4.py,Print,50,50,0,A1
04_Day_Strings,day_4.py,Print,53,53,0,A1
04_Day_Strings,day_4.py,Print,58,58,0,A1
04_Day_Strings,day_4.py,Print,60,60,0,A1
04_Day_Strings,day_4.py,Print,68,68,0,A1
04_Day_Strings,day_4.py,Print,71,71,0,A1
04_Day_Strings,day_4.py,Print,73,73,0,A1
04_Day_Strings,day_4.py,Print,78,78,0,A1
04_Day_Strings,day_4.py,Print,81,81,0,A1
04_Day_Strings,day_4.py,Print,82,82,0,A1
04_Day_Strings,day_4.py,Print,83,83,0,A1
04_Day_Strings,day_4.py,Print,84,84,0,A1
04_Day_Strings,day_4.py,Print,85,85,0,A1
04_Day_Strings,day_4.py,Print,86,86,0,A1
04_Day_Strings,day_4.py,Print,87,87,0,A1
04_Day_Strings,day_4.py,Print,88,88,0,A1
04_Day_Strings,day_4.py,Print,94,94,0,A1
04_Day_Strings,day_4.py,Print,99,99,0,A1
04_Day_Strings,day_4.py,Print,100,100,0,A1
04_Day_Strings,day_4.py,Print,101,101,0,A1
04_Day_Strings,day_4.py,Print,106,106,0,A1
04_Day_Strings,day_4.py,Print,107,107,0,A1
04_Day_Strings,day_4.py,Print,112,112,0,A1
04_Day_Strings,day_4.py,Print,113,113,0,A1
04_Day_Strings,day_4.py,Print,118,118,0,A1
04_Day_Strings,day_4.py,Print,119,119,0,A1
04_Day_Strings,day_4.py,Print,128,128,0,A1
04_Day_Strings,day_4.py,Print,134,134,0,A1
04_Day_Strings,day_4.py,Print,138,138,0,A1
04_Day_Strings,day_4.py,Print,139,139,0,A1
04_Day_Strings,day_4.py,Print,144,144,0,A1
04_Day_Strings,day_4.py,Print,147,147,0,A1
04_Day_Strings,day_4.py,Print,150,150,0,A1
04_Day_Strings,day_4.py,Print,153,153,0,A1
04_Day_Strings,day_4.py,Print,158,158,0,A1
04_Day_Strings,day_4.py,Print,160,160,0,A1
04_Day_Strings,day_4.py,Print,165,165,0,A1
04_Day_Strings,day_4.py,Print,166,166,0,A1
04_Day_Strings,day_4.py,Print,171,171,0,A1
04_Day_Strings,day_4.py,Print,173,173,0,A1
04_Day_Strings,day_4.py,Print,178,178,0,A1
04_Day_Strings,day_4.py,Print,180,180,0,A1
04_Day_Strings,day_4.py,Print,186,186,0,A1
04_Day_Strings,day_4.py,Print,188,188,0,A1
04_Day_Strings,day_4.py,Print,194,194,0,A1
04_Day_Strings,day_4.py,Print,196,196,0,A1
04_Day_Strings,day_4.py,Print,201,201,0,A1
04_Day_Strings,day_4.py,Print,203,203,0,A1
04_Day_Strings,day_4.py,Print,209,209,0,A1
04_Day_Strings,day_4.py,Print,210,210,0,A1
04_Day_Strings,day_4.py,Print,216,216,0,A1
04_Day_Strings,day_4.py,Print,221,221,0,A1
04_Day_Strings,day_4.py,Print,226,226,0,A1
04_Day_Strings,day_4.py,Print,231,231,0,A1
04_Day_Strings,day_4.py,Print,236,236,0,A1
04_Day_Strings,day_4.py,Print,241,241,0,A1
04_Day_Strings,day_4.py,Print,243,243,0,A1
04_Day_Strings,day_4.py,Print,248,248,0,A1
04_Day_Strings,day_4.py,Print,250,250,0,A1
04_Day_Strings,day_4.py,Simple Atributte,126,126,11,A2
04_Day_Strings,day_4.py,Simple Atributte,133,133,9,A2
04_Day_Strings,day_4.py,Simple Atributte,215,215,9,A2
04_Day_Strings,day_4.py,Simple Atributte,94,94,6,A2
04_Day_Strings,day_4.py,Simple Atributte,99,99,6,A2
04_Day_Strings,day_4.py,Simple Atributte,100,100,6,A2
04_Day_Strings,day_4.py,Simple Atributte,101,101,6,A2
04_Day_Strings,day_4.py,Simple Atributte,106,106,6,A2
04_Day_Strings,day_4.py,Simple Atributte,107,107,6,A2
04_Day_Strings,day_4.py,Simple Atributte,112,112,6,A2
04_Day_Strings,day_4.py,Simple Atributte,113,113,6,A2
04_Day_Strings,day_4.py,Simple Atributte,118,118,6,A2
04_Day_Strings,day_4.py,Simple Atributte,119,119,6,A2
04_Day_Strings,day_4.py,Simple Atributte,138,138,6,A2
04_Day_Strings,day_4.py,Simple Atributte,139,139,6,A2
04_Day_Strings,day_4.py,Simple Atributte,144,144,6,A2
04_Day_Strings,day_4.py,Simple Atributte,147,147,6,A2
04_Day_Strings,day_4.py,Simple Atributte,150,150,6,A2
04_Day_Strings,day_4.py,Simple Atributte,153,153,6,A2
04_Day_Strings,day_4.py,Simple Atributte,158,158,6,A2
04_Day_Strings,day_4.py,Simple Atributte,160,160,6,A2
04_Day_Strings,day_4.py,Simple Atributte,165,165,6,A2
04_Day_Strings,day_4.py,Simple Atributte,166,166,6,A2
04_Day_Strings,day_4.py,Simple Atributte,171,171,6,A2
04_Day_Strings,day_4.py,Simple Atributte,173,173,6,A2
04_Day_Strings,day_4.py,Simple Atributte,178,178,6,A2
04_Day_Strings,day_4.py,Simple Atributte,180,180,6,A2
04_Day_Strings,day_4.py,Simple Atributte,186,186,6,A2
04_Day_Strings,day_4.py,Simple Atributte,188,188,6,A2
04_Day_Strings,day_4.py,Simple Atributte,194,194,6,A2
04_Day_Strings,day_4.py,Simple Atributte,196,196,6,A2
04_Day_Strings,day_4.py,Simple Atributte,201,201,6,A2
04_Day_Strings,day_4.py,Simple Atributte,203,203,6,A2
04_Day_Strings,day_4.py,Simple Atributte,209,209,6,A2
04_Day_Strings,day_4.py,Simple Atributte,210,210,6,A2
04_Day_Strings,day_4.py,Simple Atributte,221,221,6,A2
04_Day_Strings,day_4.py,Simple Atributte,226,226,6,A2
04_Day_Strings,day_4.py,Simple Atributte,231,231,6,A2
04_Day_Strings,day_4.py,Simple Atributte,236,236,6,A2
04_Day_Strings,day_4.py,Simple Atributte,241,241,6,A2
04_Day_Strings,day_4.py,Simple Atributte,243,243,6,A2
04_Day_Strings,day_4.py,Simple Atributte,248,248,6,A2
04_Day_Strings,day_4.py,Simple Atributte,250,250,6,A2
04_Day_Strings,day_4.py,Unary Operation,57,57,23,A1
04_Day_Strings,day_4.py,Unary Operation,59,59,23,A1
04_Day_Strings,day_4.py,Unary Operation,70,70,22,A1
04_Day_Strings,day_4.py,Subscript,47,47,15,A1
04_Day_Strings,day_4.py,Subscript,49,49,16,A1
04_Day_Strings,day_4.py,Subscript,52,52,14,A1
04_Day_Strings,day_4.py,Subscript,57,57,14,A1
04_Day_Strings,day_4.py,Subscript,59,59,14,A1
04_Day_Strings,day_4.py,Subscript,66,66,14,A1
04_Day_Strings,day_4.py,Subscript,67,67,13,A1
04_Day_Strings,day_4.py,Subscript,70,70,13,A1
04_Day_Strings,day_4.py,Subscript,72,72,13,A1
04_Day_Strings,day_4.py,Subscript,77,77,6,A1
04_Day_Strings,day_4.py,Slice,66,66,23,A1
04_Day_Strings,day_4.py,Slice,67,67,22,A1
04_Day_Strings,day_4.py,Slice,70,70,22,A1
04_Day_Strings,day_4.py,Slice,72,72,22,A1
04_Day_Strings,day_4.py,Slice,77,77,15,A1
04_Day_Strings,day_4.py,Simple Assignment,3,3,0,A1
04_Day_Strings,day_4.py,Simple Assignment,6,6,0,A1
04_Day_Strings,day_4.py,Simple Assignment,9,9,0,A1
04_Day_Strings,day_4.py,Simple Assignment,13,15,0,A1
04_Day_Strings,day_4.py,Simple Assignment,18,20,0,A1
04_Day_Strings,day_4.py,Simple Assignment,24,24,0,A1
04_Day_Strings,day_4.py,Simple Assignment,25,25,0,A1
04_Day_Strings,day_4.py,Simple Assignment,26,26,0,A1
04_Day_Strings,day_4.py,Assigment with sum (total = total + 1),27,27,0,A1
04_Day_Strings,day_4.py,Simple Assignment,36,36,0,A1
04_Day_Strings,day_4.py,Simple Assignment,37,37,0,A1
04_Day_Strings,day_4.py,Simple Assignment,46,46,0,A1
04_Day_Strings,day_4.py,Simple Assignment,47,47,0,A1
04_Day_Strings,day_4.py,Simple Assignment,49,49,0,A1
04_Day_Strings,day_4.py,Assigment with sum (total = total + 1),51,51,0,A1
04_Day_Strings,day_4.py,Simple Assignment,52,52,0,A1
04_Day_Strings,day_4.py,Simple Assignment,56,56,0,A1
04_Day_Strings,day_4.py,Simple Assignment,57,57,0,A1
04_Day_Strings,day_4.py,Simple Assignment,59,59,0,A1
04_Day_Strings,day_4.py,Simple Assignment,64,64,0,A1
04_Day_Strings,day_4.py,Simple Assignment,66,66,0,A1
04_Day_Strings,day_4.py,Simple Assignment,67,67,0,A1
04_Day_Strings,day_4.py,Simple Assignment,70,70,0,A1
04_Day_Strings,day_4.py,Simple Assignment,72,72,0,A1
04_Day_Strings,day_4.py,Simple Assignment,76,76,0,A1
04_Day_Strings,day_4.py,Simple Assignment,77,77,0,A1
04_Day_Strings,day_4.py,Simple Assignment,93,93,0,A1
04_Day_Strings,day_4.py,Simple Assignment,98,98,0,A1
04_Day_Strings,day_4.py,Simple Assignment,105,105,0,A1
04_Day_Strings,day_4.py,Simple Assignment,111,111,0,A1
04_Day_Strings,day_4.py,Simple Assignment,117,117,0,A1
04_Day_Strings,day_4.py,Simple Assignment,122,122,0,A1
04_Day_Strings,day_4.py,Simple Assignment,123,123,0,A1
04_Day_Strings,day_4.py,Simple Assignment,124,124,0,A1
04_Day_Strings,day_4.py,Simple Assignment,125,125,0,A1
04_Day_Strings,day_4.py,Simple Assignment,126,127,0,A1
04_Day_Strings,day_4.py,Simple Assignment,130,130,0,A1
04_Day_Strings,day_4.py,Simple Assignment,131,131,0,A1
04_Day_Strings,day_4.py,Simple Assignment,132,132,0,A1
04_Day_Strings,day_4.py,Simple Assignment,133,133,0,A1
04_Day_Strings,day_4.py,Simple Assignment,137,137,0,A1
04_Day_Strings,day_4.py,Simple Assignment,143,143,0,A1
04_Day_Strings,day_4.py,Simple Assignment,146,146,0,A1
04_Day_Strings,day_4.py,Simple Assignment,149,149,0,A1
04_Day_Strings,day_4.py,Simple Assignment,152,152,0,A1
04_Day_Strings,day_4.py,Simple Assignment,157,157,0,A1
04_Day_Strings,day_4.py,Simple Assignment,159,159,0,A1
04_Day_Strings,day_4.py,Simple Assignment,164,164,0,A1
04_Day_Strings,day_4.py,Simple Assignment,170,170,0,A1
04_Day_Strings,day_4.py,Simple Assignment,172,172,0,A1
04_Day_Strings,day_4.py,Simple Assignment,177,177,0,A1
04_Day_Strings,day_4.py,Simple Assignment,179,179,0,A1
04_Day_Strings,day_4.py,Simple Assignment,185,185,0,A1
04_Day_Strings,day_4.py,Simple Assignment,187,187,0,A1
04_Day_Strings,day_4.py,Simple Assignment,193,193,0,A1
04_Day_Strings,day_4.py,Simple Assignment,195,195,0,A1
04_Day_Strings,day_4.py,Simple Assignment,200,200,0,A1
04_Day_Strings,day_4.py,Simple Assignment,202,202,0,A1
04_Day_Strings,day_4.py,Simple Assignment,208,208,0,A1
04_Day_Strings,day_4.py,Simple Assignment,214,214,0,A1
04_Day_Strings,day_4.py,Simple Assignment,215,215,0,A1
04_Day_Strings,day_4.py,Simple Assignment,220,220,0,A1
04_Day_Strings,day_4.py,Simple Assignment,225,225,0,A1
04_Day_Strings,day_4.py,Simple Assignment,230,230,0,A1
04_Day_Strings,day_4.py,Simple Assignment,235,235,0,A1
04_Day_Strings,day_4.py,Simple Assignment,240,240,0,A1
04_Day_Strings,day_4.py,Simple Assignment,242,242,0,A1
04_Day_Strings,day_4.py,Simple Assignment,247,247,0,A1
04_Day_Strings,day_4.py,Simple Assignment,249,249,0,A1
20_Day_Python_package_manager,arithmetic.py,Simple Assignment,2,2,4,A1
20_Day_Python_package_manager,arithmetic.py,Simplified incremental Assignment with increase amount,4,4,8,A2
20_Day_Python_package_manager,arithmetic.py,Simple For Loop,3,4,4,A1
20_Day_Python_package_manager,arithmetic.py,Function with * argument ,1,5,0,B1
20_Day_Python_package_manager,arithmetic.py,Function with Simple argument,8,9,0,A1
20_Day_Python_package_manager,arithmetic.py,Function with Simple argument,12,13,0,A1
20_Day_Python_package_manager,arithmetic.py,Function with Simple argument,16,17,0,A1
20_Day_Python_package_manager,arithmetic.py,Function with Simple argument,20,21,0,A1
20_Day_Python_package_manager,arithmetic.py,Function with Simple argument,24,25,0,A1
20_Day_Python_package_manager,arithmetic.py,Return,5,5,4,A1
20_Day_Python_package_manager,arithmetic.py,Return,9,9,4,A1
20_Day_Python_package_manager,arithmetic.py,Return,13,13,4,A1
20_Day_Python_package_manager,arithmetic.py,Return,17,17,4,A1
20_Day_Python_package_manager,arithmetic.py,Return,21,21,4,A1
20_Day_Python_package_manager,arithmetic.py,Return,25,25,4,A1
20_Day_Python_package_manager,greet.py,Formatted Value,2,2,13,A1
20_Day_Python_package_manager,greet.py,Formatted Value,2,2,25,A1
20_Day_Python_package_manager,greet.py,Joined String,2,2,11,A1
20_Day_Python_package_manager,greet.py,Function with Simple argument,1,2,0,A1
20_Day_Python_package_manager,greet.py,Return,2,2,4,A1
data,countries-data.py,250 Dictionary List,1,2620,0,B1
data,countries-data.py,Simple List,5,9,21,A1
data,countries-data.py,Simple List,17,19,21,A1
data,countries-data.py,Simple List,27,29,21,A1
data,countries-data.py,Simple List,37,39,21,A1
data,countries-data.py,Simple List,47,50,21,A1
data,countries-data.py,Simple List,58,60,21,A1
data,countries-data.py,Simple List,68,70,21,A1
data,countries-data.py,Simple List,78,80,21,A1
data,countries-data.py,Simple List,88,91,21,A1
data,countries-data.py,Simple List,99,101,21,A1
data,countries-data.py,Simple List,109,112,21,A1
data,countries-data.py,Simple List,120,123,21,A1
data,countries-data.py,Simple List,131,134,21,A1
data,countries-data.py,Simple List,142,144,21,A1
data,countries-data.py,Simple List,152,154,21,A1
data,countries-data.py,Simple List,162,164,21,A1
data,countries-data.py,Simple List,172,174,21,A1
data,countries-data.py,Simple List,182,184,21,A1
data,countries-data.py,Simple List,192,194,21,A1
data,countries-data.py,Simple List,202,204,21,A1
data,countries-data.py,Simple List,212,215,21,A1
data,countries-data.py,Simple List,223,227,21,A1
data,countries-data.py,Simple List,235,238,21,A1
data,countries-data.py,Simple List,246,248,21,A1
data,countries-data.py,Simple List,256,258,21,A1
data,countries-data.py,Simple List,266,268,21,A1
data,countries-data.py,Simple List,276,280,21,A1
data,countries-data.py,Simple List,288,290,21,A1
data,countries-data.py,Simple List,298,302,21,A1
data,countries-data.py,Simple List,310,313,21,A1
data,countries-data.py,Simple List,321,325,21,A1
data,countries-data.py,Simple List,333,335,21,A1
data,countries-data.py,Simple List,343,345,21,A1
data,countries-data.py,Simple List,353,355,21,A1
data,countries-data.py,Simple List,363,365,21,A1
data,countries-data.py,Simple List,373,375,21,A1
data,countries-data.py,Simple List,383,385,21,A1
data,countries-data.py,Simple List,393,395,21,A1
data,countries-data.py,Simple List,403,406,21,A1
data,countries-data.py,Simple List,414,417,21,A1
data,countries-data.py,Simple List,425,427,21,A1
data,countries-data.py,Simple List,435,438,21,A1
data,countries-data.py,Simple List,446,449,21,A1
data,countries-data.py,Simple List,457,459,21,A1
data,countries-data.py,Simple List,467,469,21,A1
data,countries-data.py,Simple List,477,480,21,A1
data,countries-data.py,Simple List,488,491,21,A1
data,countries-data.py,Simple List,499,501,21,A1
data,countries-data.py,Simple List,509,511,21,A1
data,countries-data.py,Simple List,519,521,21,A1
data,countries-data.py,Simple List,529,531,21,A1
data,countries-data.py,Simple List,539,541,21,A1
data,countries-data.py,Simple List,549,552,21,A1
data,countries-data.py,Simple List,560,563,21,A1
data,countries-data.py,Simple List,571,577,21,A1
data,countries-data.py,Simple List,585,587,21,A1
data,countries-data.py,Simple List,595,597,21,A1
data,countries-data.py,Simple List,605,607,21,A1
data,countries-data.py,Simple List,615,617,21,A1
data,countries-data.py,Simple List,625,629,21,A1
data,countries-data.py,Simple List,637,641,21,A1
data,countries-data.py,Simple List,649,652,21,A1
data,countries-data.py,Simple List,660,662,21,A1
data,countries-data.py,Simple List,670,673,21,A1
data,countries-data.py,Simple List,681,683,21,A1
data,countries-data.py,Simple List,691,693,21,A1
data,countries-data.py,Simple List,701,703,21,A1
data,countries-data.py,Simple List,711,713,21,A1
data,countries-data.py,Simple List,721,723,21,A1
data,countries-data.py,Simple List,731,734,21,A1
data,countries-data.py,Simple List,742,746,21,A1
data,countries-data.py,Simple List,754,756,21,A1
data,countries-data.py,Simple List,764,766,21,A1
data,countries-data.py,Simple List,774,776,21,A1
data,countries-data.py,Simple List,784,786,21,A1
data,countries-data.py,Simple List,794,799,21,A1
data,countries-data.py,Simple List,807,810,21,A1
data,countries-data.py,Simple List,818,820,21,A1
data,countries-data.py,Simple List,828,830,21,A1
data,countries-data.py,Simple List,838,840,21,A1
data,countries-data.py,Simple List,848,850,21,A1
data,countries-data.py,Simple List,858,860,21,A1
data,countries-data.py,Simple List,868,870,21,A1
data,countries-data.py,Simple List,878,880,21,A1
data,countries-data.py,Simple List,888,890,21,A1
data,countries-data.py,Simple List,898,900,21,A1
data,countries-data.py,Simple List,908,910,21,A1
data,countries-data.py,Simple List,918,920,21,A1
data,countries-data.py,Simple List,928,930,21,A1
data,countries-data.py,Simple List,938,940,21,A1
data,countries-data.py,Simple List,948,950,21,A1
data,countries-data.py,Simple List,958,962,21,A1
data,countries-data.py,Simple List,970,972,21,A1
data,countries-data.py,Simple List,980,983,21,A1
data,countries-data.py,Simple List,991,994,21,A1
data,countries-data.py,Simple List,1002,1004,21,A1
data,countries-data.py,Simple List,1012,1014,21,A1
data,countries-data.py,Simple List,1022,1025,21,A1
data,countries-data.py,Simple List,1033,1035,21,A1
data,countries-data.py,Simple List,1043,1048,21,A1
data,countries-data.py,Simple List,1056,1058,21,A1
data,countries-data.py,Simple List,1066,1069,21,A1
data,countries-data.py,Simple List,1077,1079,21,A1
data,countries-data.py,Simple List,1087,1089,21,A1
data,countries-data.py,Simple List,1097,1100,21,A1
data,countries-data.py,Simple List,1108,1110,21,A1
data,countries-data.py,Simple List,1118,1120,21,A1
data,countries-data.py,Simple List,1128,1130,21,A1
data,countries-data.py,Simple List,1138,1141,21,A1
data,countries-data.py,Simple List,1149,1152,21,A1
data,countries-data.py,Simple List,1160,1163,21,A1
data,countries-data.py,Simple List,1171,1174,21,A1
data,countries-data.py,Simple List,1182,1184,21,A1
data,countries-data.py,Simple List,1192,1194,21,A1
data,countries-data.py,Simple List,1202,1204,21,A1
data,countries-data.py,Simple List,1212,1215,21,A1
data,countries-data.py,Simple List,1223,1225,21,A1
data,countries-data.py,Simple List,1233,1236,21,A1
data,countries-data.py,Simple List,1244,1247,21,A1
data,countries-data.py,Simple List,1255,1257,21,A1
data,countries-data.py,Simple List,1265,1267,21,A1
data,countries-data.py,Simple List,1275,1278,21,A1
data,countries-data.py,Simple List,1286,1288,21,A1
data,countries-data.py,Simple List,1296,1298,21,A1
data,countries-data.py,Simple List,1306,1309,21,A1
data,countries-data.py,Simple List,1317,1320,21,A1
data,countries-data.py,Simple List,1328,1330,21,A1
data,countries-data.py,Simple List,1338,1340,21,A1
data,countries-data.py,Simple List,1348,1350,21,A1
data,countries-data.py,Simple List,1358,1360,21,A1
data,countries-data.py,Simple List,1368,1372,21,A1
data,countries-data.py,Simple List,1380,1383,21,A1
data,countries-data.py,Simple List,1391,1393,21,A1
data,countries-data.py,Simple List,1401,1404,21,A1
data,countries-data.py,Simple List,1412,1415,21,A1
data,countries-data.py,Simple List,1423,1425,21,A1
data,countries-data.py,Simple List,1433,1435,21,A1
data,countries-data.py,Simple List,1443,1445,21,A1
data,countries-data.py,Simple List,1453,1456,21,A1
data,countries-data.py,Simple List,1464,1467,21,A1
data,countries-data.py,Simple List,1475,1477,21,A1
data,countries-data.py,Simple List,1485,1487,21,A1
data,countries-data.py,Simple List,1495,1497,21,A1
data,countries-data.py,Simple List,1505,1507,21,A1
data,countries-data.py,Simple List,1515,1517,21,A1
data,countries-data.py,Simple List,1525,1527,21,A1
data,countries-data.py,Simple List,1535,1537,21,A1
data,countries-data.py,Simple List,1545,1547,21,A1
data,countries-data.py,Simple List,1555,1557,21,A1
data,countries-data.py,Simple List,1565,1570,21,A1
data,countries-data.py,Simple List,1578,1580,21,A1
data,countries-data.py,Simple List,1588,1590,21,A1
data,countries-data.py,Simple List,1598,1600,21,A1
data,countries-data.py,Simple List,1608,1610,21,A1
data,countries-data.py,Simple List,1618,1621,21,A1
data,countries-data.py,Simple List,1629,1632,21,A1
data,countries-data.py,Simple List,1640,1642,21,A1
data,countries-data.py,Simple List,1650,1652,21,A1
data,countries-data.py,Simple List,1660,1662,21,A1
data,countries-data.py,Simple List,1670,1673,21,A1
data,countries-data.py,Simple List,1681,1683,21,A1
data,countries-data.py,Simple List,1691,1693,21,A1
data,countries-data.py,Simple List,1701,1703,21,A1
data,countries-data.py,Simple List,1711,1713,21,A1
data,countries-data.py,Simple List,1721,1723,21,A1
data,countries-data.py,Simple List,1731,1733,21,A1
data,countries-data.py,Simple List,1741,1744,21,A1
data,countries-data.py,Simple List,1752,1756,21,A1
data,countries-data.py,Simple List,1764,1766,21,A1
data,countries-data.py,Simple List,1774,1777,21,A1
data,countries-data.py,Simple List,1785,1787,21,A1
data,countries-data.py,Simple List,1795,1797,21,A1
data,countries-data.py,Simple List,1805,1807,21,A1
data,countries-data.py,Simple List,1815,1817,21,A1
data,countries-data.py,Simple List,1825,1828,21,A1
data,countries-data.py,Simple List,1836,1838,21,A1
data,countries-data.py,Simple List,1846,1848,21,A1
data,countries-data.py,Simple List,1856,1858,21,A1
data,countries-data.py,Simple List,1866,1868,21,A1
data,countries-data.py,Simple List,1876,1878,21,A1
data,countries-data.py,Simple List,1886,1889,21,A1
data,countries-data.py,Simple List,1897,1899,21,A1
data,countries-data.py,Simple List,1907,1910,21,A1
data,countries-data.py,Simple List,1918,1920,21,A1
data,countries-data.py,Simple List,1928,1930,21,A1
data,countries-data.py,Simple List,1938,1940,21,A1
data,countries-data.py,Simple List,1948,1952,21,A1
data,countries-data.py,Simple List,1960,1962,21,A1
data,countries-data.py,Simple List,1970,1972,21,A1
data,countries-data.py,Simple List,1980,1982,21,A1
data,countries-data.py,Simple List,1990,1992,21,A1
data,countries-data.py,Simple List,2000,2004,21,A1
data,countries-data.py,Simple List,2012,2014,21,A1
data,countries-data.py,Simple List,2022,2024,21,A1
data,countries-data.py,Simple List,2032,2035,21,A1
data,countries-data.py,Simple List,2043,2045,21,A1
data,countries-data.py,Simple List,2053,2055,21,A1
data,countries-data.py,Simple List,2063,2065,21,A1
data,countries-data.py,Simple List,2073,2075,21,A1
data,countries-data.py,Simple List,2083,2085,21,A1
data,countries-data.py,Simple List,2093,2096,21,A1
data,countries-data.py,Simple List,2104,2106,21,A1
data,countries-data.py,Simple List,2114,2119,21,A1
data,countries-data.py,Simple List,2127,2130,21,A1
data,countries-data.py,Simple List,2138,2140,21,A1
data,countries-data.py,Simple List,2148,2150,21,A1
data,countries-data.py,Simple List,2158,2160,21,A1
data,countries-data.py,Simple List,2168,2171,21,A1
data,countries-data.py,Simple List,2179,2190,21,A1
data,countries-data.py,Simple List,2198,2200,21,A1
data,countries-data.py,Simple List,2208,2210,21,A1
data,countries-data.py,Simple List,2218,2220,21,A1
data,countries-data.py,Simple List,2228,2230,21,A1
data,countries-data.py,Simple List,2238,2241,21,A1
data,countries-data.py,Simple List,2249,2252,21,A1
data,countries-data.py,Simple List,2260,2262,21,A1
data,countries-data.py,Simple List,2270,2272,21,A1
data,countries-data.py,Simple List,2280,2283,21,A1
data,countries-data.py,Simple List,2291,2293,21,A1
data,countries-data.py,Simple List,2301,2305,21,A1
data,countries-data.py,Simple List,2313,2315,21,A1
data,countries-data.py,Simple List,2323,2325,21,A1
data,countries-data.py,Simple List,2333,2336,21,A1
data,countries-data.py,Simple List,2344,2347,21,A1
data,countries-data.py,Simple List,2355,2357,21,A1
data,countries-data.py,Simple List,2365,2367,21,A1
data,countries-data.py,Simple List,2375,2377,21,A1
data,countries-data.py,Simple List,2385,2387,21,A1
data,countries-data.py,Simple List,2395,2398,21,A1
data,countries-data.py,Simple List,2406,2408,21,A1
data,countries-data.py,Simple List,2416,2418,21,A1
data,countries-data.py,Simple List,2426,2428,21,A1
data,countries-data.py,Simple List,2436,2439,21,A1
data,countries-data.py,Simple List,2447,2449,21,A1
data,countries-data.py,Simple List,2457,2459,21,A1
data,countries-data.py,Simple List,2467,2470,21,A1
data,countries-data.py,Simple List,2478,2480,21,A1
data,countries-data.py,Simple List,2488,2490,21,A1
data,countries-data.py,Simple List,2498,2500,21,A1
data,countries-data.py,Simple List,2508,2510,21,A1
data,countries-data.py,Simple List,2518,2520,21,A1
data,countries-data.py,Simple List,2528,2531,21,A1
data,countries-data.py,Simple List,2539,2543,21,A1
data,countries-data.py,Simple List,2551,2553,21,A1
data,countries-data.py,Simple List,2561,2563,21,A1
data,countries-data.py,Simple List,2571,2573,21,A1
data,countries-data.py,Simple List,2581,2583,21,A1
data,countries-data.py,Simple List,2591,2593,21,A1
data,countries-data.py,Simple List,2601,2603,21,A1
data,countries-data.py,Simple List,2611,2615,21,A1
data,countries-data.py,1 List Dictionary,2,13,4,B1
data,countries-data.py,1 List Dictionary,14,23,4,B1
data,countries-data.py,1 List Dictionary,24,33,4,B1
data,countries-data.py,1 List Dictionary,34,43,4,B1
data,countries-data.py,1 List Dictionary,44,54,4,B1
data,countries-data.py,1 List Dictionary,55,64,4,B1
data,countries-data.py,1 List Dictionary,65,74,4,B1
data,countries-data.py,1 List Dictionary,75,84,4,B1
data,countries-data.py,1 List Dictionary,85,95,4,B1
data,countries-data.py,1 List Dictionary,96,105,4,B1
data,countries-data.py,1 List Dictionary,106,116,4,B1
data,countries-data.py,1 List Dictionary,117,127,4,B1
data,countries-data.py,1 List Dictionary,128,138,4,B1
data,countries-data.py,1 List Dictionary,139,148,4,B1
data,countries-data.py,1 List Dictionary,149,158,4,B1
data,countries-data.py,1 List Dictionary,159,168,4,B1
data,countries-data.py,1 List Dictionary,169,178,4,B1
data,countries-data.py,1 List Dictionary,179,188,4,B1
data,countries-data.py,1 List Dictionary,189,198,4,B1
data,countries-data.py,1 List Dictionary,199,208,4,B1
data,countries-data.py,1 List Dictionary,209,219,4,B1
data,countries-data.py,1 List Dictionary,220,231,4,B1
data,countries-data.py,1 List Dictionary,232,242,4,B1
data,countries-data.py,1 List Dictionary,243,252,4,B1
data,countries-data.py,1 List Dictionary,253,262,4,B1
data,countries-data.py,1 List Dictionary,263,272,4,B1
data,countries-data.py,1 List Dictionary,273,284,4,B1
data,countries-data.py,1 List Dictionary,285,294,4,B1
data,countries-data.py,1 List Dictionary,295,306,4,B1
data,countries-data.py,1 List Dictionary,307,317,4,B1
data,countries-data.py,1 List Dictionary,318,329,4,B1
data,countries-data.py,1 List Dictionary,330,339,4,B1
data,countries-data.py,1 List Dictionary,340,349,4,B1
data,countries-data.py,1 List Dictionary,350,359,4,B1
data,countries-data.py,1 List Dictionary,360,369,4,B1
data,countries-data.py,1 List Dictionary,370,379,4,B1
data,countries-data.py,1 List Dictionary,380,389,4,B1
data,countries-data.py,1 List Dictionary,390,399,4,B1
data,countries-data.py,1 List Dictionary,400,410,4,B1
data,countries-data.py,1 List Dictionary,411,421,4,B1
data,countries-data.py,1 List Dictionary,422,431,4,B1
data,countries-data.py,1 List Dictionary,432,442,4,B1
data,countries-data.py,1 List Dictionary,443,453,4,B1
data,countries-data.py,1 List Dictionary,454,463,4,B1
data,countries-data.py,1 List Dictionary,464,473,4,B1
data,countries-data.py,1 List Dictionary,474,484,4,B1
data,countries-data.py,1 List Dictionary,485,495,4,B1
data,countries-data.py,1 List Dictionary,496,505,4,B1
data,countries-data.py,1 List Dictionary,506,515,4,B1
data,countries-data.py,1 List Dictionary,516,525,4,B1
data,countries-data.py,1 List Dictionary,526,535,4,B1
data,countries-data.py,1 List Dictionary,536,545,4,B1
data,countries-data.py,1 List Dictionary,546,556,4,B1
data,countries-data.py,1 List Dictionary,557,567,4,B1
data,countries-data.py,1 List Dictionary,568,581,4,B1
data,countries-data.py,1 List Dictionary,582,591,4,B1
data,countries-data.py,1 List Dictionary,592,601,4,B1
data,countries-data.py,1 List Dictionary,602,611,4,B1
data,countries-data.py,1 List Dictionary,612,621,4,B1
data,countries-data.py,1 List Dictionary,622,633,4,B1
data,countries-data.py,1 List Dictionary,634,645,4,B1
data,countries-data.py,1 List Dictionary,646,656,4,B1
data,countries-data.py,1 List Dictionary,657,666,4,B1
data,countries-data.py,1 List Dictionary,667,677,4,B1
data,countries-data.py,1 List Dictionary,678,687,4,B1
data,countries-data.py,1 List Dictionary,688,697,4,B1
data,countries-data.py,1 List Dictionary,698,707,4,B1
data,countries-data.py,1 List Dictionary,708,717,4,B1
data,countries-data.py,1 List Dictionary,718,727,4,B1
data,countries-data.py,1 List Dictionary,728,738,4,B1
data,countries-data.py,1 List Dictionary,739,750,4,B1
data,countries-data.py,1 List Dictionary,751,760,4,B1
data,countries-data.py,1 List Dictionary,761,770,4,B1
data,countries-data.py,1 List Dictionary,771,780,4,B1
data,countries-data.py,1 List Dictionary,781,790,4,B1
data,countries-data.py,1 List Dictionary,791,803,4,B1
data,countries-data.py,1 List Dictionary,804,814,4,B1
data,countries-data.py,1 List Dictionary,815,824,4,B1
data,countries-data.py,1 List Dictionary,825,834,4,B1
data,countries-data.py,1 List Dictionary,835,844,4,B1
data,countries-data.py,1 List Dictionary,845,854,4,B1
data,countries-data.py,1 List Dictionary,855,864,4,B1
data,countries-data.py,1 List Dictionary,865,874,4,B1
data,countries-data.py,1 List Dictionary,875,884,4,B1
data,countries-data.py,1 List Dictionary,885,894,4,B1
data,countries-data.py,1 List Dictionary,895,904,4,B1
data,countries-data.py,1 List Dictionary,905,914,4,B1
data,countries-data.py,1 List Dictionary,915,924,4,B1
data,countries-data.py,1 List Dictionary,925,934,4,B1
data,countries-data.py,1 List Dictionary,935,944,4,B1
data,countries-data.py,1 List Dictionary,945,954,4,B1
data,countries-data.py,1 List Dictionary,955,966,4,B1
data,countries-data.py,1 List Dictionary,967,976,4,B1
data,countries-data.py,1 List Dictionary,977,987,4,B1
data,countries-data.py,1 List Dictionary,988,998,4,B1
data,countries-data.py,1 List Dictionary,999,1008,4,B1
data,countries-data.py,1 List Dictionary,1009,1018,4,B1
data,countries-data.py,1 List Dictionary,1019,1029,4,B1
data,countries-data.py,1 List Dictionary,1030,1039,4,B1
data,countries-data.py,1 List Dictionary,1040,1052,4,B1
data,countries-data.py,1 List Dictionary,1053,1062,4,B1
data,countries-data.py,1 List Dictionary,1063,1073,4,B1
data,countries-data.py,1 List Dictionary,1074,1083,4,B1
data,countries-data.py,1 List Dictionary,1084,1093,4,B1
data,countries-data.py,1 List Dictionary,1094,1104,4,B1
data,countries-data.py,1 List Dictionary,1105,1114,4,B1
data,countries-data.py,1 List Dictionary,1115,1124,4,B1
data,countries-data.py,1 List Dictionary,1125,1134,4,B1
data,countries-data.py,1 List Dictionary,1135,1145,4,B1
data,countries-data.py,1 List Dictionary,1146,1156,4,B1
data,countries-data.py,1 List Dictionary,1157,1167,4,B1
data,countries-data.py,1 List Dictionary,1168,1178,4,B1
data,countries-data.py,1 List Dictionary,1179,1188,4,B1
data,countries-data.py,1 List Dictionary,1189,1198,4,B1
data,countries-data.py,1 List Dictionary,1199,1208,4,B1
data,countries-data.py,1 List Dictionary,1209,1219,4,B1
data,countries-data.py,1 List Dictionary,1220,1229,4,B1
data,countries-data.py,1 List Dictionary,1230,1240,4,B1
data,countries-data.py,1 List Dictionary,1241,1251,4,B1
data,countries-data.py,1 List Dictionary,1252,1261,4,B1
data,countries-data.py,1 List Dictionary,1262,1271,4,B1
data,countries-data.py,1 List Dictionary,1272,1282,4,B1
data,countries-data.py,1 List Dictionary,1283,1292,4,B1
data,countries-data.py,1 List Dictionary,1293,1302,4,B1
data,countries-data.py,1 List Dictionary,1303,1313,4,B1
data,countries-data.py,1 List Dictionary,1314,1324,4,B1
data,countries-data.py,1 List Dictionary,1325,1334,4,B1
data,countries-data.py,1 List Dictionary,1335,1344,4,B1
data,countries-data.py,1 List Dictionary,1345,1354,4,B1
data,countries-data.py,1 List Dictionary,1355,1364,4,B1
data,countries-data.py,1 List Dictionary,1365,1376,4,B1
data,countries-data.py,1 List Dictionary,1377,1387,4,B1
data,countries-data.py,1 List Dictionary,1388,1397,4,B1
data,countries-data.py,1 List Dictionary,1398,1408,4,B1
data,countries-data.py,1 List Dictionary,1409,1419,4,B1
data,countries-data.py,1 List Dictionary,1420,1429,4,B1
data,countries-data.py,1 List Dictionary,1430,1439,4,B1
data,countries-data.py,1 List Dictionary,1440,1449,4,B1
data,countries-data.py,1 List Dictionary,1450,1460,4,B1
data,countries-data.py,1 List Dictionary,1461,1471,4,B1
data,countries-data.py,1 List Dictionary,1472,1481,4,B1
data,countries-data.py,1 List Dictionary,1482,1491,4,B1
data,countries-data.py,1 List Dictionary,1492,1501,4,B1
data,countries-data.py,1 List Dictionary,1502,1511,4,B1
data,countries-data.py,1 List Dictionary,1512,1521,4,B1
data,countries-data.py,1 List Dictionary,1522,1531,4,B1
data,countries-data.py,1 List Dictionary,1532,1541,4,B1
data,countries-data.py,1 List Dictionary,1542,1551,4,B1
data,countries-data.py,1 List Dictionary,1552,1561,4,B1
data,countries-data.py,1 List Dictionary,1562,1574,4,B1
data,countries-data.py,1 List Dictionary,1575,1584,4,B1
data,countries-data.py,1 List Dictionary,1585,1594,4,B1
data,countries-data.py,1 List Dictionary,1595,1604,4,B1
data,countries-data.py,1 List Dictionary,1605,1614,4,B1
data,countries-data.py,1 List Dictionary,1615,1625,4,B1
data,countries-data.py,1 List Dictionary,1626,1636,4,B1
data,countries-data.py,1 List Dictionary,1637,1646,4,B1
data,countries-data.py,1 List Dictionary,1647,1656,4,B1
data,countries-data.py,1 List Dictionary,1657,1666,4,B1
data,countries-data.py,1 List Dictionary,1667,1677,4,B1
data,countries-data.py,1 List Dictionary,1678,1687,4,B1
data,countries-data.py,1 List Dictionary,1688,1697,4,B1
data,countries-data.py,1 List Dictionary,1698,1707,4,B1
data,countries-data.py,1 List Dictionary,1708,1717,4,B1
data,countries-data.py,1 List Dictionary,1718,1727,4,B1
data,countries-data.py,1 List Dictionary,1728,1737,4,B1
data,countries-data.py,1 List Dictionary,1738,1748,4,B1
data,countries-data.py,1 List Dictionary,1749,1760,4,B1
data,countries-data.py,1 List Dictionary,1761,1770,4,B1
data,countries-data.py,1 List Dictionary,1771,1781,4,B1
data,countries-data.py,1 List Dictionary,1782,1791,4,B1
data,countries-data.py,1 List Dictionary,1792,1801,4,B1
data,countries-data.py,1 List Dictionary,1802,1811,4,B1
data,countries-data.py,1 List Dictionary,1812,1821,4,B1
data,countries-data.py,1 List Dictionary,1822,1832,4,B1
data,countries-data.py,1 List Dictionary,1833,1842,4,B1
data,countries-data.py,1 List Dictionary,1843,1852,4,B1
data,countries-data.py,1 List Dictionary,1853,1862,4,B1
data,countries-data.py,1 List Dictionary,1863,1872,4,B1
data,countries-data.py,1 List Dictionary,1873,1882,4,B1
data,countries-data.py,1 List Dictionary,1883,1893,4,B1
data,countries-data.py,1 List Dictionary,1894,1903,4,B1
data,countries-data.py,1 List Dictionary,1904,1914,4,B1
data,countries-data.py,1 List Dictionary,1915,1924,4,B1
data,countries-data.py,1 List Dictionary,1925,1934,4,B1
data,countries-data.py,1 List Dictionary,1935,1944,4,B1
data,countries-data.py,1 List Dictionary,1945,1956,4,B1
data,countries-data.py,1 List Dictionary,1957,1966,4,B1
data,countries-data.py,1 List Dictionary,1967,1976,4,B1
data,countries-data.py,1 List Dictionary,1977,1986,4,B1
data,countries-data.py,1 List Dictionary,1987,1996,4,B1
data,countries-data.py,1 List Dictionary,1997,2008,4,B1
data,countries-data.py,1 List Dictionary,2009,2018,4,B1
data,countries-data.py,1 List Dictionary,2019,2028,4,B1
data,countries-data.py,1 List Dictionary,2029,2039,4,B1
data,countries-data.py,1 List Dictionary,2040,2049,4,B1
data,countries-data.py,1 List Dictionary,2050,2059,4,B1
data,countries-data.py,1 List Dictionary,2060,2069,4,B1
data,countries-data.py,1 List Dictionary,2070,2079,4,B1
data,countries-data.py,1 List Dictionary,2080,2089,4,B1
data,countries-data.py,1 List Dictionary,2090,2100,4,B1
data,countries-data.py,1 List Dictionary,2101,2110,4,B1
data,countries-data.py,1 List Dictionary,2111,2123,4,B1
data,countries-data.py,1 List Dictionary,2124,2134,4,B1
data,countries-data.py,1 List Dictionary,2135,2144,4,B1
data,countries-data.py,1 List Dictionary,2145,2154,4,B1
data,countries-data.py,1 List Dictionary,2155,2164,4,B1
data,countries-data.py,1 List Dictionary,2165,2175,4,B1
data,countries-data.py,1 List Dictionary,2176,2194,4,B1
data,countries-data.py,1 List Dictionary,2195,2204,4,B1
data,countries-data.py,1 List Dictionary,2205,2214,4,B1
data,countries-data.py,1 List Dictionary,2215,2224,4,B1
data,countries-data.py,1 List Dictionary,2225,2234,4,B1
data,countries-data.py,1 List Dictionary,2235,2245,4,B1
data,countries-data.py,1 List Dictionary,2246,2256,4,B1
data,countries-data.py,1 List Dictionary,2257,2266,4,B1
data,countries-data.py,1 List Dictionary,2267,2276,4,B1
data,countries-data.py,1 List Dictionary,2277,2287,4,B1
data,countries-data.py,1 List Dictionary,2288,2297,4,B1
data,countries-data.py,1 List Dictionary,2298,2309,4,B1
data,countries-data.py,1 List Dictionary,2310,2319,4,B1
data,countries-data.py,1 List Dictionary,2320,2329,4,B1
data,countries-data.py,1 List Dictionary,2330,2340,4,B1
data,countries-data.py,1 List Dictionary,2341,2351,4,B1
data,countries-data.py,1 List Dictionary,2352,2361,4,B1
data,countries-data.py,1 List Dictionary,2362,2371,4,B1
data,countries-data.py,1 List Dictionary,2372,2381,4,B1
data,countries-data.py,1 List Dictionary,2382,2391,4,B1
data,countries-data.py,1 List Dictionary,2392,2402,4,B1
data,countries-data.py,1 List Dictionary,2403,2412,4,B1
data,countries-data.py,1 List Dictionary,2413,2422,4,B1
data,countries-data.py,1 List Dictionary,2423,2432,4,B1
data,countries-data.py,1 List Dictionary,2433,2443,4,B1
data,countries-data.py,1 List Dictionary,2444,2453,4,B1
data,countries-data.py,1 List Dictionary,2454,2463,4,B1
data,countries-data.py,1 List Dictionary,2464,2474,4,B1
data,countries-data.py,1 List Dictionary,2475,2484,4,B1
data,countries-data.py,1 List Dictionary,2485,2494,4,B1
data,countries-data.py,1 List Dictionary,2495,2504,4,B1
data,countries-data.py,1 List Dictionary,2505,2514,4,B1
data,countries-data.py,1 List Dictionary,2515,2524,4,B1
data,countries-data.py,1 List Dictionary,2525,2535,4,B1
data,countries-data.py,1 List Dictionary,2536,2547,4,B1
data,countries-data.py,1 List Dictionary,2548,2557,4,B1
data,countries-data.py,1 List Dictionary,2558,2567,4,B1
data,countries-data.py,1 List Dictionary,2568,2577,4,B1
data,countries-data.py,1 List Dictionary,2578,2587,4,B1
data,countries-data.py,1 List Dictionary,2588,2597,4,B1
data,countries-data.py,1 List Dictionary,2598,2607,4,B1
data,countries-data.py,1 List Dictionary,2608,2619,4,B1
data,stop_words.py,Simple List,1,2,13,A1
data,stop_words.py,Simple Assignment,1,2,0,A1
data,countries.py,Simple List,1,197,12,A1
data,countries.py,Simple Assignment,1,197,0,A1
02_Day_Variables_builtin_functions,variables.py,Simple List,10,10,9,A1
02_Day_Variables_builtin_functions,variables.py,Simple Tuple,33,33,0,A1
02_Day_Variables_builtin_functions,variables.py,Simple Tuple,33,33,50,A1
02_Day_Variables_builtin_functions,variables.py,Simple Dictionary,11,16,14,A2
02_Day_Variables_builtin_functions,variables.py,Print,20,20,0,A1
02_Day_Variables_builtin_functions,variables.py,Print,21,21,0,A1
02_Day_Variables_builtin_functions,variables.py,Print,22,22,0,A1
02_Day_Variables_builtin_functions,variables.py,Print,23,23,0,A1
02_Day_Variables_builtin_functions,variables.py,Print,24,24,0,A1
02_Day_Variables_builtin_functions,variables.py,Print,25,25,0,A1
02_Day_Variables_builtin_functions,variables.py,Print,26,26,0,A1
02_Day_Variables_builtin_functions,variables.py,Print,27,27,0,A1
02_Day_Variables_builtin_functions,variables.py,Print,28,28,0,A1
02_Day_Variables_builtin_functions,variables.py,Print,29,29,0,A1
02_Day_Variables_builtin_functions,variables.py,Print,35,35,0,A1
02_Day_Variables_builtin_functions,variables.py,Print,36,36,0,A1
02_Day_Variables_builtin_functions,variables.py,Print,37,37,0,A1
02_Day_Variables_builtin_functions,variables.py,Print,38,38,0,A1
02_Day_Variables_builtin_functions,variables.py,Print,39,39,0,A1
02_Day_Variables_builtin_functions,variables.py,Print,40,40,0,A1
02_Day_Variables_builtin_functions,variables.py,Simple Assignment,4,4,0,A1
02_Day_Variables_builtin_functions,variables.py,Simple Assignment,5,5,0,A1
02_Day_Variables_builtin_functions,variables.py,Simple Assignment,6,6,0,A1
02_Day_Variables_builtin_functions,variables.py,Simple Assignment,7,7,0,A1
02_Day_Variables_builtin_functions,variables.py,Simple Assignment,8,8,0,A1
02_Day_Variables_builtin_functions,variables.py,Simple Assignment,9,9,0,A1
02_Day_Variables_builtin_functions,variables.py,Simple Assignment,10,10,0,A1
02_Day_Variables_builtin_functions,variables.py,Simple Assignment,11,16,0,A1
02_Day_Variables_builtin_functions,variables.py,Simple Assignment,33,33,0,A1
01_Day_Introduction,helloworld.py,Simple List,18,18,11,A1
01_Day_Introduction,helloworld.py,Simple Tuple,21,21,11,A1
01_Day_Introduction,helloworld.py,Simple Dictionary,19,19,11,A2
01_Day_Introduction,helloworld.py,Set,20,20,11,A1
01_Day_Introduction,helloworld.py,Print,4,4,0,A1
01_Day_Introduction,helloworld.py,Print,5,5,0,A1
01_Day_Introduction,helloworld.py,Print,6,6,0,A1
01_Day_Introduction,helloworld.py,Print,7,7,0,A1
01_Day_Introduction,helloworld.py,Print,8,8,0,A1
01_Day_Introduction,helloworld.py,Print,9,9,0,A1
01_Day_Introduction,helloworld.py,Print,10,10,0,A1
01_Day_Introduction,helloworld.py,Print,14,14,0,A1
01_Day_Introduction,helloworld.py,Print,15,15,0,A1
01_Day_Introduction,helloworld.py,Print,16,16,0,A1
01_Day_Introduction,helloworld.py,Print,17,17,0,A1
01_Day_Introduction,helloworld.py,Print,18,18,0,A1
01_Day_Introduction,helloworld.py,Print,19,19,0,A1
01_Day_Introduction,helloworld.py,Print,20,20,0,A1
01_Day_Introduction,helloworld.py,Print,21,21,0,A1
03_Day_Operators,day-3.py,Print,4,4,0,A1
03_Day_Operators,day-3.py,Print,5,5,0,A1
03_Day_Operators,day-3.py,Print,6,6,0,A1
03_Day_Operators,day-3.py,Print,7,7,0,A1
03_Day_Operators,day-3.py,Print,8,8,0,A1
03_Day_Operators,day-3.py,Print,9,9,0,A1
03_Day_Operators,day-3.py,Print,10,10,0,A1
03_Day_Operators,day-3.py,Print,11,11,0,A1
03_Day_Operators,day-3.py,Print,12,12,0,A1
03_Day_Operators,day-3.py,Print,13,13,0,A1
03_Day_Operators,day-3.py,Print,16,16,0,A1
03_Day_Operators,day-3.py,Print,17,17,0,A1
03_Day_Operators,day-3.py,Print,20,20,0,A1
03_Day_Operators,day-3.py,Print,21,21,0,A1
03_Day_Operators,day-3.py,Print,38,38,0,A1
03_Day_Operators,day-3.py,Print,39,39,0,A1
03_Day_Operators,day-3.py,Print,40,40,0,A1
03_Day_Operators,day-3.py,Print,41,41,0,A1
03_Day_Operators,day-3.py,Print,42,42,0,A1
03_Day_Operators,day-3.py,Print,43,43,0,A1
03_Day_Operators,day-3.py,Print,44,44,0,A1
03_Day_Operators,day-3.py,Print,45,45,0,A1
03_Day_Operators,day-3.py,Print,59,59,0,A1
03_Day_Operators,day-3.py,Print,60,60,0,A1
03_Day_Operators,day-3.py,Print,61,61,0,A1
03_Day_Operators,day-3.py,Print,62,62,0,A1
03_Day_Operators,day-3.py,Print,63,63,0,A1
03_Day_Operators,day-3.py,Print,69,69,0,A1
03_Day_Operators,day-3.py,Print,75,75,0,A1
03_Day_Operators,day-3.py,Print,81,81,0,A1
03_Day_Operators,day-3.py,Print,83,83,0,A1
03_Day_Operators,day-3.py,Print,84,84,0,A1
03_Day_Operators,day-3.py,Print,85,85,0,A1
03_Day_Operators,day-3.py,Print,86,86,0,A1
03_Day_Operators,day-3.py,Print,87,87,0,A1
03_Day_Operators,day-3.py,Print,88,88,0,A1
03_Day_Operators,day-3.py,Print,89,89,0,A1
03_Day_Operators,day-3.py,Print,90,90,0,A1
03_Day_Operators,day-3.py,Print,91,91,0,A1
03_Day_Operators,day-3.py,Print,92,92,0,A1
03_Day_Operators,day-3.py,Print,93,93,0,A1
03_Day_Operators,day-3.py,Print,94,94,0,A1
03_Day_Operators,day-3.py,Print,95,95,0,A1
03_Day_Operators,day-3.py,Print,96,96,0,A1
03_Day_Operators,day-3.py,Print,99,99,0,A1
03_Day_Operators,day-3.py,Print,100,100,0,A1
03_Day_Operators,day-3.py,Print,101,101,0,A1
03_Day_Operators,day-3.py,Print,102,102,0,A1
03_Day_Operators,day-3.py,Print,103,103,0,A1
03_Day_Operators,day-3.py,Print,106,106,0,A1
03_Day_Operators,day-3.py,Print,107,107,0,A1
03_Day_Operators,day-3.py,Print,108,108,0,A1
03_Day_Operators,day-3.py,Print,109,109,0,A1
03_Day_Operators,day-3.py,Print,110,110,0,A1
03_Day_Operators,day-3.py,Print,111,111,0,A1
03_Day_Operators,day-3.py,Print,112,112,0,A1
03_Day_Operators,day-3.py,Print,114,114,0,A1
03_Day_Operators,day-3.py,Print,115,115,0,A1
03_Day_Operators,day-3.py,Print,116,116,0,A1
03_Day_Operators,day-3.py,Print,117,117,0,A1
03_Day_Operators,day-3.py,Print,118,118,0,A1
03_Day_Operators,day-3.py,Print,119,119,0,A1
03_Day_Operators,day-3.py,Print,120,120,0,A1
03_Day_Operators,day-3.py,Print,121,121,0,A1
03_Day_Operators,day-3.py,Print,122,122,0,A1
03_Day_Operators,day-3.py,Print,123,123,0,A1
03_Day_Operators,day-3.py,Print,124,124,0,A1
03_Day_Operators,day-3.py,Unary Operation,120,120,6,A1
03_Day_Operators,day-3.py,Unary Operation,121,121,6,A1
03_Day_Operators,day-3.py,Unary Operation,122,122,6,A1
03_Day_Operators,day-3.py,Unary Operation,123,123,6,A1
03_Day_Operators,day-3.py,Unary Operation,124,124,6,A1
03_Day_Operators,day-3.py,Unary Operation,123,123,10,A1
03_Day_Operators,day-3.py,Unary Operation,124,124,10,A1
03_Day_Operators,day-3.py,Boolean Operation,102,102,25,A1
03_Day_Operators,day-3.py,Boolean Operation,103,103,24,A1
03_Day_Operators,day-3.py,Boolean Operation,114,114,6,A1
03_Day_Operators,day-3.py,Boolean Operation,115,115,6,A1
03_Day_Operators,day-3.py,Boolean Operation,116,116,6,A1
03_Day_Operators,day-3.py,Boolean Operation,117,117,6,A1
03_Day_Operators,day-3.py,Boolean Operation,118,118,6,A1
03_Day_Operators,day-3.py,Boolean Operation,119,119,6,A1
03_Day_Operators,day-3.py,Simple Assignment,25,25,0,A1
03_Day_Operators,day-3.py,Simple Assignment,26,26,0,A1
03_Day_Operators,day-3.py,Assigment with sum (total = total + 1),29,29,0,A1
03_Day_Operators,day-3.py,Assigment with sum (total = total + 1),30,30,0,A1
03_Day_Operators,day-3.py,Assigment with sum (total = total + 1),31,31,0,A1
03_Day_Operators,day-3.py,Assigment with sum (total = total + 1),32,32,0,A1
03_Day_Operators,day-3.py,Assigment with sum (total = total + 1),33,33,0,A1
03_Day_Operators,day-3.py,Assigment with sum (total = total + 1),34,34,0,A1
03_Day_Operators,day-3.py,Assigment with sum (total = total + 1),35,35,0,A1
03_Day_Operators,day-3.py,Simple Assignment,48,48,0,A1
03_Day_Operators,day-3.py,Simple Assignment,49,49,0,A1
03_Day_Operators,day-3.py,Assigment with sum (total = total + 1),52,52,0,A1
03_Day_Operators,day-3.py,Assigment with sum (total = total + 1),53,53,0,A1
03_Day_Operators,day-3.py,Assigment with sum (total = total + 1),54,54,0,A1
03_Day_Operators,day-3.py,Assigment with sum (total = total + 1),55,55,0,A1
03_Day_Operators,day-3.py,Assigment with sum (total = total + 1),56,56,0,A1
03_Day_Operators,day-3.py,Simple Assignment,67,67,0,A1
03_Day_Operators,day-3.py,Assigment with sum (total = total + 1),68,68,0,A1
03_Day_Operators,day-3.py,Simple Assignment,72,72,0,A1
03_Day_Operators,day-3.py,Simple Assignment,73,73,0,A1
03_Day_Operators,day-3.py,Assigment with sum (total = total + 1),74,74,0,A1
03_Day_Operators,day-3.py,Simple Assignment,78,78,0,A1
03_Day_Operators,day-3.py,Simple Assignment,79,79,0,A1
03_Day_Operators,day-3.py,Assigment with sum (total = total + 1),80,80,0,A1
python_for_web,app.py,Simple List,12,12,12,A1
python_for_web,app.py,Simple List,28,28,28,A1
python_for_web,app.py,Simple Atributte,7,7,0,A2
python_for_web,app.py,Simple Atributte,10,10,1,A2
python_for_web,app.py,Simple Atributte,17,17,1,A2
python_for_web,app.py,Simple Atributte,23,23,1,A2
python_for_web,app.py,Simple Atributte,28,28,1,A2
python_for_web,app.py,Simple Atributte,31,31,7,A2
python_for_web,app.py,Simple Atributte,33,33,7,A2
python_for_web,app.py,Simple Atributte,42,42,4,A2
python_for_web,app.py,Simple Atributte,34,34,18,A2
python_for_web,app.py,Simple Atributte,41,41,15,A2
python_for_web,app.py,Simple Atributte,41,41,15,A2
python_for_web,app.py,Subscript,7,7,0,A1
python_for_web,app.py,Subscript,34,34,18,A1
python_for_web,app.py,Simple Assignment,5,5,0,A1
python_for_web,app.py,Simple Assignment,7,7,0,A1
python_for_web,app.py,Simple Assignment,12,12,4,A1
python_for_web,app.py,Simple Assignment,13,13,4,A1
python_for_web,app.py,Simple Assignment,19,19,4,A1
python_for_web,app.py,Simple Assignment,30,30,4,A1
python_for_web,app.py,Simple Assignment,41,41,4,A1
python_for_web,app.py,Simple Assignment,34,34,8,A1
python_for_web,app.py,Import,3,3,0,A2
python_for_web,app.py,From,2,2,0,A2
python_for_web,app.py,Alias,2,2,18,A1
python_for_web,app.py,Alias,2,2,25,A1
python_for_web,app.py,Alias,2,2,42,A1
python_for_web,app.py,Alias,2,2,51,A1
python_for_web,app.py,Alias,2,2,61,A1
python_for_web,app.py,Alias,3,3,7,A1
python_for_web,app.py,If statements using → __name__ == ‘__main__’,38,42,0,B2
python_for_web,app.py,Simple If statements,31,32,4,A1
python_for_web,app.py,Simple If statements,33,35,4,A1
python_for_web,app.py,Function,11,14,0,A1
python_for_web,app.py,Function,18,20,0,A1
python_for_web,app.py,Function,24,25,0,A1
python_for_web,app.py,Function,29,35,0,A1
python_for_web,app.py,Return,14,14,4,A1
python_for_web,app.py,Return,20,20,4,A1
python_for_web,app.py,Return,25,25,4,A1
python_for_web,app.py,Return,32,32,8,A1
python_for_web,app.py,Return,35,35,8,A1
01_Day_Introduction,helloworld.py,Simple List,23,23,11,A1
01_Day_Introduction,helloworld.py,Simple Dictionary,24,24,11,A2
01_Day_Introduction,helloworld.py,Set,25,25,11,A1
01_Day_Introduction,helloworld.py,Print,4,4,0,A1
01_Day_Introduction,helloworld.py,Print,6,6,0,A1
01_Day_Introduction,helloworld.py,Print,7,7,0,A1
01_Day_Introduction,helloworld.py,Print,8,8,0,A1
01_Day_Introduction,helloworld.py,Print,9,9,0,A1
01_Day_Introduction,helloworld.py,Print,10,10,0,A1
01_Day_Introduction,helloworld.py,Print,11,11,0,A1
01_Day_Introduction,helloworld.py,Print,12,12,0,A1
01_Day_Introduction,helloworld.py,Print,13,13,0,A1
01_Day_Introduction,helloworld.py,Print,14,14,0,A1
01_Day_Introduction,helloworld.py,Print,15,15,0,A1
01_Day_Introduction,helloworld.py,Print,19,19,0,A1
01_Day_Introduction,helloworld.py,Print,20,20,0,A1
01_Day_Introduction,helloworld.py,Print,21,21,0,A1
01_Day_Introduction,helloworld.py,Print,22,22,0,A1
01_Day_Introduction,helloworld.py,Print,23,23,0,A1
01_Day_Introduction,helloworld.py,Print,24,24,0,A1
01_Day_Introduction,helloworld.py,Print,25,25,0,A1
03_Day_Operators,day-3.py,Print,4,4,0,A1
03_Day_Operators,day-3.py,Print,5,5,0,A1
03_Day_Operators,day-3.py,Print,6,6,0,A1
03_Day_Operators,day-3.py,Print,8,8,0,A1
03_Day_Operators,day-3.py,Print,9,9,0,A1
03_Day_Operators,day-3.py,Print,10,10,0,A1
03_Day_Operators,day-3.py,Print,12,12,0,A1
03_Day_Operators,day-3.py,Print,13,13,0,A1
03_Day_Operators,day-3.py,Print,14,14,0,A1
03_Day_Operators,day-3.py,Print,15,15,0,A1
03_Day_Operators,day-3.py,Print,18,18,0,A1
03_Day_Operators,day-3.py,Print,19,19,0,A1
03_Day_Operators,day-3.py,Print,22,22,0,A1
03_Day_Operators,day-3.py,Print,23,23,0,A1
03_Day_Operators,day-3.py,Print,40,40,0,A1
03_Day_Operators,day-3.py,Print,41,41,0,A1
03_Day_Operators,day-3.py,Print,42,42,0,A1
03_Day_Operators,day-3.py,Print,43,43,0,A1
03_Day_Operators,day-3.py,Print,44,44,0,A1
03_Day_Operators,day-3.py,Print,45,45,0,A1
03_Day_Operators,day-3.py,Print,46,46,0,A1
03_Day_Operators,day-3.py,Print,47,47,0,A1
03_Day_Operators,day-3.py,Print,61,61,0,A1
03_Day_Operators,day-3.py,Print,62,62,0,A1
03_Day_Operators,day-3.py,Print,63,63,0,A1
03_Day_Operators,day-3.py,Print,64,64,0,A1
03_Day_Operators,day-3.py,Print,65,65,0,A1
03_Day_Operators,day-3.py,Print,72,72,0,A1
03_Day_Operators,day-3.py,Print,78,78,0,A1
03_Day_Operators,day-3.py,Print,84,84,0,A1
03_Day_Operators,day-3.py,Print,86,86,0,A1
03_Day_Operators,day-3.py,Print,87,87,0,A1
03_Day_Operators,day-3.py,Print,88,88,0,A1
03_Day_Operators,day-3.py,Print,89,89,0,A1
03_Day_Operators,day-3.py,Print,90,90,0,A1
03_Day_Operators,day-3.py,Print,91,91,0,A1
03_Day_Operators,day-3.py,Print,92,92,0,A1
03_Day_Operators,day-3.py,Print,93,93,0,A1
03_Day_Operators,day-3.py,Print,94,94,0,A1
03_Day_Operators,day-3.py,Print,95,95,0,A1
03_Day_Operators,day-3.py,Print,96,96,0,A1
03_Day_Operators,day-3.py,Print,97,97,0,A1
03_Day_Operators,day-3.py,Print,98,98,0,A1
03_Day_Operators,day-3.py,Print,99,99,0,A1
03_Day_Operators,day-3.py,Print,102,102,0,A1
03_Day_Operators,day-3.py,Print,103,103,0,A1
03_Day_Operators,day-3.py,Print,104,104,0,A1
03_Day_Operators,day-3.py,Print,105,105,0,A1
03_Day_Operators,day-3.py,Print,106,106,0,A1
03_Day_Operators,day-3.py,Print,110,110,0,A1
03_Day_Operators,day-3.py,Print,111,111,0,A1
03_Day_Operators,day-3.py,Print,112,112,0,A1
03_Day_Operators,day-3.py,Print,113,113,0,A1
03_Day_Operators,day-3.py,Print,115,115,0,A1
03_Day_Operators,day-3.py,Print,116,116,0,A1
03_Day_Operators,day-3.py,Print,117,117,0,A1
03_Day_Operators,day-3.py,Print,119,119,0,A1
03_Day_Operators,day-3.py,Print,120,120,0,A1
03_Day_Operators,day-3.py,Print,121,121,0,A1
03_Day_Operators,day-3.py,Print,122,122,0,A1
03_Day_Operators,day-3.py,Print,123,123,0,A1
03_Day_Operators,day-3.py,Print,124,124,0,A1
03_Day_Operators,day-3.py,Print,125,125,0,A1
03_Day_Operators,day-3.py,Print,126,126,0,A1
03_Day_Operators,day-3.py,Print,127,127,0,A1
03_Day_Operators,day-3.py,Print,128,128,0,A1
03_Day_Operators,day-3.py,Print,129,129,0,A1
03_Day_Operators,day-3.py,Unary Operation,125,125,6,A1
03_Day_Operators,day-3.py,Unary Operation,126,126,6,A1
03_Day_Operators,day-3.py,Unary Operation,127,127,6,A1
03_Day_Operators,day-3.py,Unary Operation,128,128,6,A1
03_Day_Operators,day-3.py,Unary Operation,129,129,6,A1
03_Day_Operators,day-3.py,Unary Operation,128,128,10,A1
03_Day_Operators,day-3.py,Unary Operation,129,129,10,A1
03_Day_Operators,day-3.py,Boolean Operation,105,105,25,A1
03_Day_Operators,day-3.py,Boolean Operation,106,106,24,A1
03_Day_Operators,day-3.py,Boolean Operation,119,119,6,A1
03_Day_Operators,day-3.py,Boolean Operation,120,120,6,A1
03_Day_Operators,day-3.py,Boolean Operation,121,121,6,A1
03_Day_Operators,day-3.py,Boolean Operation,122,122,6,A1
03_Day_Operators,day-3.py,Boolean Operation,123,123,6,A1
03_Day_Operators,day-3.py,Boolean Operation,124,124,6,A1
03_Day_Operators,day-3.py,Simple Assignment,27,27,0,A1
03_Day_Operators,day-3.py,Simple Assignment,28,28,0,A1
03_Day_Operators,day-3.py,Assigment with sum (total = total + 1),31,31,0,A1
03_Day_Operators,day-3.py,Assigment with sum (total = total + 1),32,32,0,A1
03_Day_Operators,day-3.py,Assigment with sum (total = total + 1),33,33,0,A1
03_Day_Operators,day-3.py,Assigment with sum (total = total + 1),34,34,0,A1
03_Day_Operators,day-3.py,Assigment with sum (total = total + 1),35,35,0,A1
03_Day_Operators,day-3.py,Assigment with sum (total = total + 1),36,36,0,A1
03_Day_Operators,day-3.py,Assigment with sum (total = total + 1),37,37,0,A1
03_Day_Operators,day-3.py,Simple Assignment,50,50,0,A1
03_Day_Operators,day-3.py,Simple Assignment,51,51,0,A1
03_Day_Operators,day-3.py,Assigment with sum (total = total + 1),54,54,0,A1
03_Day_Operators,day-3.py,Assigment with sum (total = total + 1),55,55,0,A1
03_Day_Operators,day-3.py,Assigment with sum (total = total + 1),56,56,0,A1
03_Day_Operators,day-3.py,Assigment with sum (total = total + 1),57,57,0,A1
03_Day_Operators,day-3.py,Assigment with sum (total = total + 1),58,58,0,A1
03_Day_Operators,day-3.py,Simple Assignment,69,69,0,A1
03_Day_Operators,day-3.py,Assigment with sum (total = total + 1),71,71,0,A1
03_Day_Operators,day-3.py,Simple Assignment,75,75,0,A1
03_Day_Operators,day-3.py,Simple Assignment,76,76,0,A1
03_Day_Operators,day-3.py,Assigment with sum (total = total + 1),77,77,0,A1
03_Day_Operators,day-3.py,Simple Assignment,81,81,0,A1
03_Day_Operators,day-3.py,Simple Assignment,82,82,0,A1
03_Day_Operators,day-3.py,Assigment with sum (total = total + 1),83,83,0,A1
mypackage,arithmetics.py,Simple Assignment,2,2,4,A1
mypackage,arithmetics.py,Simplified incremental Assignment with increase amount,4,4,8,A2
mypackage,arithmetics.py,Simple For Loop,3,4,4,A1
mypackage,arithmetics.py,Function with * argument ,1,5,0,B1
mypackage,arithmetics.py,Function with Simple argument,8,9,0,A1
mypackage,arithmetics.py,Function with Simple argument,12,13,0,A1
mypackage,arithmetics.py,Function with Simple argument,16,17,0,A1
mypackage,arithmetics.py,Function with Simple argument,20,21,0,A1
mypackage,arithmetics.py,Function with Simple argument,24,25,0,A1
mypackage,arithmetics.py,Return,5,5,4,A1
mypackage,arithmetics.py,Return,9,9,4,A1
mypackage,arithmetics.py,Return,13,13,4,A1
mypackage,arithmetics.py,Return,17,17,4,A1
mypackage,arithmetics.py,Return,21,21,4,A1
mypackage,arithmetics.py,Return,25,25,4,A1
mypackage,greet.py,Formatted Value,2,2,13,A1
mypackage,greet.py,Formatted Value,2,2,25,A1
mypackage,greet.py,Joined String,2,2,11,A1
mypackage,greet.py,Function with Simple argument,1,2,0,A1
mypackage,greet.py,Return,2,2,4,A1
30-Days-Of-Python,mymodule.py,Simple Dictionary,12,17,9,A2
30-Days-Of-Python,mymodule.py,Simple Assignment,11,11,0,A1
30-Days-Of-Python,mymodule.py,Simple Assignment,12,17,0,A1
30-Days-Of-Python,mymodule.py,Simple Assignment,2,2,4,A1
30-Days-Of-Python,mymodule.py,Assigment with sum (total = total + 1),3,3,4,A1
30-Days-Of-Python,mymodule.py,Function with Simple argument,1,4,0,A1
30-Days-Of-Python,mymodule.py,Function with Simple argument,7,8,0,A1
30-Days-Of-Python,mymodule.py,Return,4,4,4,A1
30-Days-Of-Python,mymodule.py,Return,8,8,4,A1
