case,project,file,file_name,class,start_line,end_line,displacement,level,level_num,source_file
Analisis-CC-PyCEFR,Analisis-CC-PyCEFR,main.py,main.py,Print,39,39,8,A1,1,/home/juan/Documents/Analisis-CC-PyCEFR/data/processed/Analisis-CC-PyCEFR/data_pycefr.json
Analisis-CC-PyCEFR,Analisis-CC-PyCEFR,main.py,main.py,Simple Atributte,9,9,22,A2,2,/home/juan/Documents/Analisis-CC-PyCEFR/data/processed/Analisis-CC-PyCEFR/data_pycefr.json
Analisis-CC-PyCEFR,Analisis-CC-PyCEFR,main.py,main.py,Simple Atributte,36,36,4,A2,2,/home/juan/Documents/Analisis-CC-PyCEFR/data/processed/Analisis-CC-PyCEFR/data_pycefr.json
Analisis-CC-PyCEFR,Analisis-CC-PyCEFR,main.py,main.py,Simple Atributte,54,54,22,A2,2,/home/juan/Documents/Analisis-CC-PyCEFR/data/processed/Analisis-CC-PyCEFR/data_pycefr.json
Analisis-CC-PyCEFR,Analisis-CC-PyCEFR,main.py,main.py,Simple Atributte,55,55,17,A2,2,/home/juan/Documents/Analisis-CC-PyCEFR/data/processed/Analisis-CC-PyCEFR/data_pycefr.json
Analisis-CC-PyCEFR,Analisis-CC-PyCEFR,main.py,main.py,Simple Atributte,60,60,20,A2,2,/home/juan/Documents/Analisis-CC-PyCEFR/data/processed/Analisis-CC-PyCEFR/data_pycefr.json
Analisis-CC-PyCEFR,Analisis-CC-PyCEFR,main.py,main.py,Simple Atributte,9,9,22,A2,2,/home/juan/Documents/Analisis-CC-PyCEFR/data/processed/Analisis-CC-PyCEFR/data_pycefr.json
Analisis-CC-PyCEFR,Analisis-CC-PyCEFR,main.py,main.py,Simple Atributte,13,13,51,A2,2,/home/juan/Documents/Analisis-CC-PyCEFR/data/processed/Analisis-CC-PyCEFR/data_pycefr.json
Analisis-CC-PyCEFR,Analisis-CC-PyCEFR,main.py,main.py,Simple Atributte,38,38,14,A2,2,/home/juan/Documents/Analisis-CC-PyCEFR/data/processed/Analisis-CC-PyCEFR/data_pycefr.json
Analisis-CC-PyCEFR,Analisis-CC-PyCEFR,main.py,main.py,Simple Atributte,57,57,8,A2,2,/home/juan/Documents/Analisis-CC-PyCEFR/data/processed/Analisis-CC-PyCEFR/data_pycefr.json
Analisis-CC-PyCEFR,Analisis-CC-PyCEFR,main.py,main.py,Simple Atributte,60,60,20,A2,2,/home/juan/Documents/Analisis-CC-PyCEFR/data/processed/Analisis-CC-PyCEFR/data_pycefr.json
Analisis-CC-PyCEFR,Analisis-CC-PyCEFR,main.py,main.py,Simple Atributte,60,60,36,A2,2,/home/juan/Documents/Analisis-CC-PyCEFR/data/processed/Analisis-CC-PyCEFR/data_pycefr.json
Analisis-CC-PyCEFR,Analisis-CC-PyCEFR,main.py,main.py,Simple Atributte,46,46,8,A2,2,/home/juan/Documents/Analisis-CC-PyCEFR/data/processed/Analisis-CC-PyCEFR/data_pycefr.json
Analisis-CC-PyCEFR,Analisis-CC-PyCEFR,main.py,main.py,Simple Atributte,60,60,36,A2,2,/home/juan/Documents/Analisis-CC-PyCEFR/data/processed/Analisis-CC-PyCEFR/data_pycefr.json
Analisis-CC-PyCEFR,Analisis-CC-PyCEFR,main.py,main.py,Simple Atributte,17,17,50,A2,2,/home/juan/Documents/Analisis-CC-PyCEFR/data/processed/Analisis-CC-PyCEFR/data_pycefr.json
Analisis-CC-PyCEFR,Analisis-CC-PyCEFR,main.py,main.py,Simple Atributte,13,13,51,A2,2,/home/juan/Documents/Analisis-CC-PyCEFR/data/processed/Analisis-CC-PyCEFR/data_pycefr.json
Analisis-CC-PyCEFR,Analisis-CC-PyCEFR,main.py,main.py,Unary Operation,38,38,32,A1,1,/home/juan/Documents/Analisis-CC-PyCEFR/data/processed/Analisis-CC-PyCEFR/data_pycefr.json
Analisis-CC-PyCEFR,Analisis-CC-PyCEFR,main.py,main.py,Unary Operation,17,17,73,A1,1,/home/juan/Documents/Analisis-CC-PyCEFR/data/processed/Analisis-CC-PyCEFR/data_pycefr.json
Analisis-CC-PyCEFR,Analisis-CC-PyCEFR,main.py,main.py,Unary Operation,13,13,74,A1,1,/home/juan/Documents/Analisis-CC-PyCEFR/data/processed/Analisis-CC-PyCEFR/data_pycefr.json
Analisis-CC-PyCEFR,Analisis-CC-PyCEFR,main.py,main.py,Subscript,38,38,14,A1,1,/home/juan/Documents/Analisis-CC-PyCEFR/data/processed/Analisis-CC-PyCEFR/data_pycefr.json
Analisis-CC-PyCEFR,Analisis-CC-PyCEFR,main.py,main.py,Subscript,54,54,22,A1,1,/home/juan/Documents/Analisis-CC-PyCEFR/data/processed/Analisis-CC-PyCEFR/data_pycefr.json
Analisis-CC-PyCEFR,Analisis-CC-PyCEFR,main.py,main.py,Subscript,55,55,17,A1,1,/home/juan/Documents/Analisis-CC-PyCEFR/data/processed/Analisis-CC-PyCEFR/data_pycefr.json
Analisis-CC-PyCEFR,Analisis-CC-PyCEFR,main.py,main.py,Subscript,17,17,50,A1,1,/home/juan/Documents/Analisis-CC-PyCEFR/data/processed/Analisis-CC-PyCEFR/data_pycefr.json
Analisis-CC-PyCEFR,Analisis-CC-PyCEFR,main.py,main.py,Subscript,13,13,51,A1,1,/home/juan/Documents/Analisis-CC-PyCEFR/data/processed/Analisis-CC-PyCEFR/data_pycefr.json
Analisis-CC-PyCEFR,Analisis-CC-PyCEFR,main.py,main.py,Simple Assignment,9,9,8,A1,1,/home/juan/Documents/Analisis-CC-PyCEFR/data/processed/Analisis-CC-PyCEFR/data_pycefr.json
Analisis-CC-PyCEFR,Analisis-CC-PyCEFR,main.py,main.py,Assigment with sum (total = total + 1),34,34,4,A1,1,/home/juan/Documents/Analisis-CC-PyCEFR/data/processed/Analisis-CC-PyCEFR/data_pycefr.json
Analisis-CC-PyCEFR,Analisis-CC-PyCEFR,main.py,main.py,Simple Assignment,35,35,4,A1,1,/home/juan/Documents/Analisis-CC-PyCEFR/data/processed/Analisis-CC-PyCEFR/data_pycefr.json
Analisis-CC-PyCEFR,Analisis-CC-PyCEFR,main.py,main.py,Assigment with sum (total = total + 1),60,60,4,A1,1,/home/juan/Documents/Analisis-CC-PyCEFR/data/processed/Analisis-CC-PyCEFR/data_pycefr.json
Analisis-CC-PyCEFR,Analisis-CC-PyCEFR,main.py,main.py,Simple Assignment,38,38,8,A1,1,/home/juan/Documents/Analisis-CC-PyCEFR/data/processed/Analisis-CC-PyCEFR/data_pycefr.json
Analisis-CC-PyCEFR,Analisis-CC-PyCEFR,main.py,main.py,Simple Assignment,54,54,8,A1,1,/home/juan/Documents/Analisis-CC-PyCEFR/data/processed/Analisis-CC-PyCEFR/data_pycefr.json
Analisis-CC-PyCEFR,Analisis-CC-PyCEFR,main.py,main.py,Simple Assignment,55,55,8,A1,1,/home/juan/Documents/Analisis-CC-PyCEFR/data/processed/Analisis-CC-PyCEFR/data_pycefr.json
Analisis-CC-PyCEFR,Analisis-CC-PyCEFR,main.py,main.py,Import,1,1,0,A2,2,/home/juan/Documents/Analisis-CC-PyCEFR/data/processed/Analisis-CC-PyCEFR/data_pycefr.json
Analisis-CC-PyCEFR,Analisis-CC-PyCEFR,main.py,main.py,Import,2,2,0,A2,2,/home/juan/Documents/Analisis-CC-PyCEFR/data/processed/Analisis-CC-PyCEFR/data_pycefr.json
Analisis-CC-PyCEFR,Analisis-CC-PyCEFR,main.py,main.py,From with *statements ,3,3,0,B1,3,/home/juan/Documents/Analisis-CC-PyCEFR/data/processed/Analisis-CC-PyCEFR/data_pycefr.json
Analisis-CC-PyCEFR,Analisis-CC-PyCEFR,main.py,main.py,Alias,1,1,7,A1,1,/home/juan/Documents/Analisis-CC-PyCEFR/data/processed/Analisis-CC-PyCEFR/data_pycefr.json
Analisis-CC-PyCEFR,Analisis-CC-PyCEFR,main.py,main.py,Alias,2,2,7,A1,1,/home/juan/Documents/Analisis-CC-PyCEFR/data/processed/Analisis-CC-PyCEFR/data_pycefr.json
Analisis-CC-PyCEFR,Analisis-CC-PyCEFR,main.py,main.py,Alias,3,3,36,A1,1,/home/juan/Documents/Analisis-CC-PyCEFR/data/processed/Analisis-CC-PyCEFR/data_pycefr.json
Analisis-CC-PyCEFR,Analisis-CC-PyCEFR,main.py,main.py,If statements using → __name__ == ‘__main__’,51,64,0,B2,4,/home/juan/Documents/Analisis-CC-PyCEFR/data/processed/Analisis-CC-PyCEFR/data_pycefr.json
Analisis-CC-PyCEFR,Analisis-CC-PyCEFR,main.py,main.py,Simple If statements,11,21,8,A1,1,/home/juan/Documents/Analisis-CC-PyCEFR/data/processed/Analisis-CC-PyCEFR/data_pycefr.json
Analisis-CC-PyCEFR,Analisis-CC-PyCEFR,main.py,main.py,Simple If statements,37,46,4,A1,1,/home/juan/Documents/Analisis-CC-PyCEFR/data/processed/Analisis-CC-PyCEFR/data_pycefr.json
Analisis-CC-PyCEFR,Analisis-CC-PyCEFR,main.py,main.py,Simple If statements,15,21,8,A1,1,/home/juan/Documents/Analisis-CC-PyCEFR/data/processed/Analisis-CC-PyCEFR/data_pycefr.json
Analisis-CC-PyCEFR,Analisis-CC-PyCEFR,main.py,main.py,Simple If statements,41,46,4,A1,1,/home/juan/Documents/Analisis-CC-PyCEFR/data/processed/Analisis-CC-PyCEFR/data_pycefr.json
Analisis-CC-PyCEFR,Analisis-CC-PyCEFR,main.py,main.py,Simple If statements,19,21,8,A1,1,/home/juan/Documents/Analisis-CC-PyCEFR/data/processed/Analisis-CC-PyCEFR/data_pycefr.json
Analisis-CC-PyCEFR,Analisis-CC-PyCEFR,main.py,main.py,Simple If statements,43,46,4,A1,1,/home/juan/Documents/Analisis-CC-PyCEFR/data/processed/Analisis-CC-PyCEFR/data_pycefr.json
Analisis-CC-PyCEFR,Analisis-CC-PyCEFR,main.py,main.py,Exception --> try/except,53,58,4,B1,3,/home/juan/Documents/Analisis-CC-PyCEFR/data/processed/Analisis-CC-PyCEFR/data_pycefr.json
Analisis-CC-PyCEFR,Analisis-CC-PyCEFR,main.py,main.py,Except Handler,56,58,4,A1,1,/home/juan/Documents/Analisis-CC-PyCEFR/data/processed/Analisis-CC-PyCEFR/data_pycefr.json
Analisis-CC-PyCEFR,Analisis-CC-PyCEFR,main.py,main.py,Function with Simple argument,7,21,0,A1,1,/home/juan/Documents/Analisis-CC-PyCEFR/data/processed/Analisis-CC-PyCEFR/data_pycefr.json
Analisis-CC-PyCEFR,Analisis-CC-PyCEFR,main.py,main.py,Function with Simple argument,32,46,0,A1,1,/home/juan/Documents/Analisis-CC-PyCEFR/data/processed/Analisis-CC-PyCEFR/data_pycefr.json
Analisis-CC-PyCEFR,Analisis-CC-PyCEFR,main.py,main.py,Return,13,13,12,A1,1,/home/juan/Documents/Analisis-CC-PyCEFR/data/processed/Analisis-CC-PyCEFR/data_pycefr.json
Analisis-CC-PyCEFR,Analisis-CC-PyCEFR,main.py,main.py,Return,17,17,12,A1,1,/home/juan/Documents/Analisis-CC-PyCEFR/data/processed/Analisis-CC-PyCEFR/data_pycefr.json
Analisis-CC-PyCEFR,Analisis-CC-PyCEFR,main.py,main.py,Return,21,21,12,A1,1,/home/juan/Documents/Analisis-CC-PyCEFR/data/processed/Analisis-CC-PyCEFR/data_pycefr.json
Analisis-CC-PyCEFR,raw,generator.py,generator.py,Simple List,69,69,18,A1,1,/home/juan/Documents/Analisis-CC-PyCEFR/data/processed/Analisis-CC-PyCEFR/data_pycefr.json
Analisis-CC-PyCEFR,raw,generator.py,generator.py,Simple List,207,207,36,A1,1,/home/juan/Documents/Analisis-CC-PyCEFR/data/processed/Analisis-CC-PyCEFR/data_pycefr.json
Analisis-CC-PyCEFR,raw,generator.py,generator.py,Simple List,275,275,18,A1,1,/home/juan/Documents/Analisis-CC-PyCEFR/data/processed/Analisis-CC-PyCEFR/data_pycefr.json
Analisis-CC-PyCEFR,raw,generator.py,generator.py,Simple List,276,276,17,A1,1,/home/juan/Documents/Analisis-CC-PyCEFR/data/processed/Analisis-CC-PyCEFR/data_pycefr.json
Analisis-CC-PyCEFR,raw,generator.py,generator.py,Simple List,277,277,17,A1,1,/home/juan/Documents/Analisis-CC-PyCEFR/data/processed/Analisis-CC-PyCEFR/data_pycefr.json
Analisis-CC-PyCEFR,raw,generator.py,generator.py,Simple List,278,278,14,A1,1,/home/juan/Documents/Analisis-CC-PyCEFR/data/processed/Analisis-CC-PyCEFR/data_pycefr.json
Analisis-CC-PyCEFR,raw,generator.py,generator.py,Simple Tuple,17,17,18,A1,1,/home/juan/Documents/Analisis-CC-PyCEFR/data/processed/Analisis-CC-PyCEFR/data_pycefr.json
Analisis-CC-PyCEFR,raw,generator.py,generator.py,Simple Tuple,18,18,12,A1,1,/home/juan/Documents/Analisis-CC-PyCEFR/data/processed/Analisis-CC-PyCEFR/data_pycefr.json
Analisis-CC-PyCEFR,raw,generator.py,generator.py,Simple Tuple,19,19,12,A1,1,/home/juan/Documents/Analisis-CC-PyCEFR/data/processed/Analisis-CC-PyCEFR/data_pycefr.json
Analisis-CC-PyCEFR,raw,generator.py,generator.py,Simple Tuple,20,20,12,A1,1,/home/juan/Documents/Analisis-CC-PyCEFR/data/processed/Analisis-CC-PyCEFR/data_pycefr.json
Analisis-CC-PyCEFR,raw,generator.py,generator.py,Simple Tuple,21,21,12,A1,1,/home/juan/Documents/Analisis-CC-PyCEFR/data/processed/Analisis-CC-PyCEFR/data_pycefr.json
Analisis-CC-PyCEFR,raw,generator.py,generator.py,Simple Tuple,22,22,12,A1,1,/home/juan/Documents/Analisis-CC-PyCEFR/data/processed/Analisis-CC-PyCEFR/data_pycefr.json
Analisis-CC-PyCEFR,raw,generator.py,generator.py,Simple Tuple,252,257,11,A1,1,/home/juan/Documents/Analisis-CC-PyCEFR/data/processed/Analisis-CC-PyCEFR/data_pycefr.json
Analisis-CC-PyCEFR,raw,generator.py,generator.py,Simple Tuple,251,251,46,A1,1,/home/juan/Documents/Analisis-CC-PyCEFR/data/processed/Analisis-CC-PyCEFR/data_pycefr.json
Analisis-CC-PyCEFR,raw,generator.py,generator.py,Simple Tuple,260,260,57,A1,1,/home/juan/Documents/Analisis-CC-PyCEFR/data/processed/Analisis-CC-PyCEFR/data_pycefr.json
Analisis-CC-PyCEFR,raw,generator.py,generator.py,Simple Tuple,269,269,95,A1,1,/home/juan/Documents/Analisis-CC-PyCEFR/data/processed/Analisis-CC-PyCEFR/data_pycefr.json
Analisis-CC-PyCEFR,raw,generator.py,generator.py,Simple Tuple,161,161,25,A1,1,/home/juan/Documents/Analisis-CC-PyCEFR/data/processed/Analisis-CC-PyCEFR/data_pycefr.json
Analisis-CC-PyCEFR,raw,generator.py,generator.py,Simple Tuple,182,182,92,A1,1,/home/juan/Documents/Analisis-CC-PyCEFR/data/processed/Analisis-CC-PyCEFR/data_pycefr.json
Analisis-CC-PyCEFR,raw,generator.py,generator.py,Simple Tuple,206,206,57,A1,1,/home/juan/Documents/Analisis-CC-PyCEFR/data/processed/Analisis-CC-PyCEFR/data_pycefr.json
Analisis-CC-PyCEFR,raw,generator.py,generator.py,Simple Tuple,261,261,18,A1,1,/home/juan/Documents/Analisis-CC-PyCEFR/data/processed/Analisis-CC-PyCEFR/data_pycefr.json
Analisis-CC-PyCEFR,raw,generator.py,generator.py,Simple Tuple,27,27,87,A1,1,/home/juan/Documents/Analisis-CC-PyCEFR/data/processed/Analisis-CC-PyCEFR/data_pycefr.json
Analisis-CC-PyCEFR,raw,generator.py,generator.py,Simple Tuple,171,171,26,A1,1,/home/juan/Documents/Analisis-CC-PyCEFR/data/processed/Analisis-CC-PyCEFR/data_pycefr.json
Analisis-CC-PyCEFR,raw,generator.py,generator.py,Simple Tuple,171,171,49,A1,1,/home/juan/Documents/Analisis-CC-PyCEFR/data/processed/Analisis-CC-PyCEFR/data_pycefr.json
Analisis-CC-PyCEFR,raw,generator.py,generator.py,Simple Tuple,182,182,32,A1,1,/home/juan/Documents/Analisis-CC-PyCEFR/data/processed/Analisis-CC-PyCEFR/data_pycefr.json
Analisis-CC-PyCEFR,raw,generator.py,generator.py,Simple Tuple,207,207,23,A1,1,/home/juan/Documents/Analisis-CC-PyCEFR/data/processed/Analisis-CC-PyCEFR/data_pycefr.json
Analisis-CC-PyCEFR,raw,generator.py,generator.py,Simple Tuple,221,221,16,A1,1,/home/juan/Documents/Analisis-CC-PyCEFR/data/processed/Analisis-CC-PyCEFR/data_pycefr.json
Analisis-CC-PyCEFR,raw,generator.py,generator.py,Simple Tuple,234,234,16,A1,1,/home/juan/Documents/Analisis-CC-PyCEFR/data/processed/Analisis-CC-PyCEFR/data_pycefr.json
Analisis-CC-PyCEFR,raw,generator.py,generator.py,Simple Tuple,251,251,26,A1,1,/home/juan/Documents/Analisis-CC-PyCEFR/data/processed/Analisis-CC-PyCEFR/data_pycefr.json
Analisis-CC-PyCEFR,raw,generator.py,generator.py,Simple Tuple,260,260,63,A1,1,/home/juan/Documents/Analisis-CC-PyCEFR/data/processed/Analisis-CC-PyCEFR/data_pycefr.json
Analisis-CC-PyCEFR,raw,generator.py,generator.py,Simple Tuple,260,260,103,A1,1,/home/juan/Documents/Analisis-CC-PyCEFR/data/processed/Analisis-CC-PyCEFR/data_pycefr.json
Analisis-CC-PyCEFR,raw,generator.py,generator.py,Simple Tuple,328,328,30,A1,1,/home/juan/Documents/Analisis-CC-PyCEFR/data/processed/Analisis-CC-PyCEFR/data_pycefr.json
Analisis-CC-PyCEFR,raw,generator.py,generator.py,Simple Tuple,260,260,37,A1,1,/home/juan/Documents/Analisis-CC-PyCEFR/data/processed/Analisis-CC-PyCEFR/data_pycefr.json
Analisis-CC-PyCEFR,raw,generator.py,generator.py,Simple Tuple,261,261,24,A1,1,/home/juan/Documents/Analisis-CC-PyCEFR/data/processed/Analisis-CC-PyCEFR/data_pycefr.json
Analisis-CC-PyCEFR,raw,generator.py,generator.py,Simple Tuple,261,261,64,A1,1,/home/juan/Documents/Analisis-CC-PyCEFR/data/processed/Analisis-CC-PyCEFR/data_pycefr.json
Analisis-CC-PyCEFR,raw,generator.py,generator.py,Simple Tuple,269,269,38,A1,1,/home/juan/Documents/Analisis-CC-PyCEFR/data/processed/Analisis-CC-PyCEFR/data_pycefr.json
Analisis-CC-PyCEFR,raw,generator.py,generator.py,Simple Tuple,269,269,75,A1,1,/home/juan/Documents/Analisis-CC-PyCEFR/data/processed/Analisis-CC-PyCEFR/data_pycefr.json
Analisis-CC-PyCEFR,raw,generator.py,generator.py,Simple Dictionary,28,36,14,A2,2,/home/juan/Documents/Analisis-CC-PyCEFR/data/processed/Analisis-CC-PyCEFR/data_pycefr.json
Analisis-CC-PyCEFR,raw,generator.py,generator.py,Simple Dictionary,194,203,11,A2,2,/home/juan/Documents/Analisis-CC-PyCEFR/data/processed/Analisis-CC-PyCEFR/data_pycefr.json
Analisis-CC-PyCEFR,raw,generator.py,generator.py,Simple Dictionary,261,261,77,A2,2,/home/juan/Documents/Analisis-CC-PyCEFR/data/processed/Analisis-CC-PyCEFR/data_pycefr.json
Analisis-CC-PyCEFR,raw,generator.py,generator.py,1 Nested Dictionary,312,325,11,B1,3,/home/juan/Documents/Analisis-CC-PyCEFR/data/processed/Analisis-CC-PyCEFR/data_pycefr.json
Analisis-CC-PyCEFR,raw,generator.py,generator.py,1 Nested Dictionary,294,306,15,B1,3,/home/juan/Documents/Analisis-CC-PyCEFR/data/processed/Analisis-CC-PyCEFR/data_pycefr.json
Analisis-CC-PyCEFR,raw,generator.py,generator.py,Simple Dictionary,313,320,19,A2,2,/home/juan/Documents/Analisis-CC-PyCEFR/data/processed/Analisis-CC-PyCEFR/data_pycefr.json
Analisis-CC-PyCEFR,raw,generator.py,generator.py,Simple Dictionary,83,90,13,A2,2,/home/juan/Documents/Analisis-CC-PyCEFR/data/processed/Analisis-CC-PyCEFR/data_pycefr.json
Analisis-CC-PyCEFR,raw,generator.py,generator.py,Simple Dictionary,150,154,13,A2,2,/home/juan/Documents/Analisis-CC-PyCEFR/data/processed/Analisis-CC-PyCEFR/data_pycefr.json
Analisis-CC-PyCEFR,raw,generator.py,generator.py,Simple Dictionary,295,300,19,A2,2,/home/juan/Documents/Analisis-CC-PyCEFR/data/processed/Analisis-CC-PyCEFR/data_pycefr.json
Analisis-CC-PyCEFR,raw,generator.py,generator.py,Simple Dictionary,384,390,13,A2,2,/home/juan/Documents/Analisis-CC-PyCEFR/data/processed/Analisis-CC-PyCEFR/data_pycefr.json
Analisis-CC-PyCEFR,raw,generator.py,generator.py,Simple Dictionary,104,109,17,A2,2,/home/juan/Documents/Analisis-CC-PyCEFR/data/processed/Analisis-CC-PyCEFR/data_pycefr.json
Analisis-CC-PyCEFR,raw,generator.py,generator.py,Simple Dictionary,120,124,17,A2,2,/home/juan/Documents/Analisis-CC-PyCEFR/data/processed/Analisis-CC-PyCEFR/data_pycefr.json
Analisis-CC-PyCEFR,raw,generator.py,generator.py,Simple Dictionary,135,139,17,A2,2,/home/juan/Documents/Analisis-CC-PyCEFR/data/processed/Analisis-CC-PyCEFR/data_pycefr.json
Analisis-CC-PyCEFR,raw,generator.py,generator.py,Formatted Value,75,75,19,A1,1,/home/juan/Documents/Analisis-CC-PyCEFR/data/processed/Analisis-CC-PyCEFR/data_pycefr.json
Analisis-CC-PyCEFR,raw,generator.py,generator.py,Formatted Value,376,376,19,A1,1,/home/juan/Documents/Analisis-CC-PyCEFR/data/processed/Analisis-CC-PyCEFR/data_pycefr.json
Analisis-CC-PyCEFR,raw,generator.py,generator.py,Formatted Value,331,331,33,A1,1,/home/juan/Documents/Analisis-CC-PyCEFR/data/processed/Analisis-CC-PyCEFR/data_pycefr.json
Analisis-CC-PyCEFR,raw,generator.py,generator.py,Formatted Value,332,332,33,A1,1,/home/juan/Documents/Analisis-CC-PyCEFR/data/processed/Analisis-CC-PyCEFR/data_pycefr.json
Analisis-CC-PyCEFR,raw,generator.py,generator.py,Formatted Value,333,333,33,A1,1,/home/juan/Documents/Analisis-CC-PyCEFR/data/processed/Analisis-CC-PyCEFR/data_pycefr.json
Analisis-CC-PyCEFR,raw,generator.py,generator.py,Formatted Value,334,334,33,A1,1,/home/juan/Documents/Analisis-CC-PyCEFR/data/processed/Analisis-CC-PyCEFR/data_pycefr.json
Analisis-CC-PyCEFR,raw,generator.py,generator.py,Formatted Value,335,335,33,A1,1,/home/juan/Documents/Analisis-CC-PyCEFR/data/processed/Analisis-CC-PyCEFR/data_pycefr.json
Analisis-CC-PyCEFR,raw,generator.py,generator.py,Formatted Value,336,336,33,A1,1,/home/juan/Documents/Analisis-CC-PyCEFR/data/processed/Analisis-CC-PyCEFR/data_pycefr.json
Analisis-CC-PyCEFR,raw,generator.py,generator.py,Formatted Value,408,408,37,A1,1,/home/juan/Documents/Analisis-CC-PyCEFR/data/processed/Analisis-CC-PyCEFR/data_pycefr.json
Analisis-CC-PyCEFR,raw,generator.py,generator.py,Formatted Value,343,343,20,A1,1,/home/juan/Documents/Analisis-CC-PyCEFR/data/processed/Analisis-CC-PyCEFR/data_pycefr.json
Analisis-CC-PyCEFR,raw,generator.py,generator.py,Formatted Value,343,343,35,A1,1,/home/juan/Documents/Analisis-CC-PyCEFR/data/processed/Analisis-CC-PyCEFR/data_pycefr.json
Analisis-CC-PyCEFR,raw,generator.py,generator.py,Formatted Value,343,343,55,A1,1,/home/juan/Documents/Analisis-CC-PyCEFR/data/processed/Analisis-CC-PyCEFR/data_pycefr.json
Analisis-CC-PyCEFR,raw,generator.py,generator.py,Formatted Value,343,343,75,A1,1,/home/juan/Documents/Analisis-CC-PyCEFR/data/processed/Analisis-CC-PyCEFR/data_pycefr.json
Analisis-CC-PyCEFR,raw,generator.py,generator.py,Formatted Value,344,344,21,A1,1,/home/juan/Documents/Analisis-CC-PyCEFR/data/processed/Analisis-CC-PyCEFR/data_pycefr.json
Analisis-CC-PyCEFR,raw,generator.py,generator.py,Formatted Value,344,344,52,A1,1,/home/juan/Documents/Analisis-CC-PyCEFR/data/processed/Analisis-CC-PyCEFR/data_pycefr.json
Analisis-CC-PyCEFR,raw,generator.py,generator.py,Formatted Value,345,345,25,A1,1,/home/juan/Documents/Analisis-CC-PyCEFR/data/processed/Analisis-CC-PyCEFR/data_pycefr.json
Analisis-CC-PyCEFR,raw,generator.py,generator.py,Formatted Value,352,352,20,A1,1,/home/juan/Documents/Analisis-CC-PyCEFR/data/processed/Analisis-CC-PyCEFR/data_pycefr.json
Analisis-CC-PyCEFR,raw,generator.py,generator.py,Formatted Value,352,352,36,A1,1,/home/juan/Documents/Analisis-CC-PyCEFR/data/processed/Analisis-CC-PyCEFR/data_pycefr.json
Analisis-CC-PyCEFR,raw,generator.py,generator.py,Formatted Value,352,352,57,A1,1,/home/juan/Documents/Analisis-CC-PyCEFR/data/processed/Analisis-CC-PyCEFR/data_pycefr.json
Analisis-CC-PyCEFR,raw,generator.py,generator.py,Formatted Value,352,352,78,A1,1,/home/juan/Documents/Analisis-CC-PyCEFR/data/processed/Analisis-CC-PyCEFR/data_pycefr.json
Analisis-CC-PyCEFR,raw,generator.py,generator.py,Formatted Value,353,353,21,A1,1,/home/juan/Documents/Analisis-CC-PyCEFR/data/processed/Analisis-CC-PyCEFR/data_pycefr.json
Analisis-CC-PyCEFR,raw,generator.py,generator.py,Formatted Value,360,360,20,A1,1,/home/juan/Documents/Analisis-CC-PyCEFR/data/processed/Analisis-CC-PyCEFR/data_pycefr.json
Analisis-CC-PyCEFR,raw,generator.py,generator.py,Formatted Value,360,360,36,A1,1,/home/juan/Documents/Analisis-CC-PyCEFR/data/processed/Analisis-CC-PyCEFR/data_pycefr.json
Analisis-CC-PyCEFR,raw,generator.py,generator.py,Formatted Value,360,360,57,A1,1,/home/juan/Documents/Analisis-CC-PyCEFR/data/processed/Analisis-CC-PyCEFR/data_pycefr.json
Analisis-CC-PyCEFR,raw,generator.py,generator.py,Formatted Value,360,360,78,A1,1,/home/juan/Documents/Analisis-CC-PyCEFR/data/processed/Analisis-CC-PyCEFR/data_pycefr.json
Analisis-CC-PyCEFR,raw,generator.py,generator.py,Formatted Value,361,361,21,A1,1,/home/juan/Documents/Analisis-CC-PyCEFR/data/processed/Analisis-CC-PyCEFR/data_pycefr.json
Analisis-CC-PyCEFR,raw,generator.py,generator.py,Formatted Value,369,369,20,A1,1,/home/juan/Documents/Analisis-CC-PyCEFR/data/processed/Analisis-CC-PyCEFR/data_pycefr.json
Analisis-CC-PyCEFR,raw,generator.py,generator.py,Formatted Value,369,369,35,A1,1,/home/juan/Documents/Analisis-CC-PyCEFR/data/processed/Analisis-CC-PyCEFR/data_pycefr.json
Analisis-CC-PyCEFR,raw,generator.py,generator.py,Formatted Value,369,369,55,A1,1,/home/juan/Documents/Analisis-CC-PyCEFR/data/processed/Analisis-CC-PyCEFR/data_pycefr.json
Analisis-CC-PyCEFR,raw,generator.py,generator.py,Formatted Value,369,369,75,A1,1,/home/juan/Documents/Analisis-CC-PyCEFR/data/processed/Analisis-CC-PyCEFR/data_pycefr.json
Analisis-CC-PyCEFR,raw,generator.py,generator.py,Formatted Value,370,370,21,A1,1,/home/juan/Documents/Analisis-CC-PyCEFR/data/processed/Analisis-CC-PyCEFR/data_pycefr.json
Analisis-CC-PyCEFR,raw,generator.py,generator.py,Joined String,75,75,13,A1,1,/home/juan/Documents/Analisis-CC-PyCEFR/data/processed/Analisis-CC-PyCEFR/data_pycefr.json
Analisis-CC-PyCEFR,raw,generator.py,generator.py,Joined String,376,376,13,A1,1,/home/juan/Documents/Analisis-CC-PyCEFR/data/processed/Analisis-CC-PyCEFR/data_pycefr.json
Analisis-CC-PyCEFR,raw,generator.py,generator.py,Joined String,331,331,10,A1,1,/home/juan/Documents/Analisis-CC-PyCEFR/data/processed/Analisis-CC-PyCEFR/data_pycefr.json
Analisis-CC-PyCEFR,raw,generator.py,generator.py,Joined String,332,332,10,A1,1,/home/juan/Documents/Analisis-CC-PyCEFR/data/processed/Analisis-CC-PyCEFR/data_pycefr.json
Analisis-CC-PyCEFR,raw,generator.py,generator.py,Joined String,333,333,10,A1,1,/home/juan/Documents/Analisis-CC-PyCEFR/data/processed/Analisis-CC-PyCEFR/data_pycefr.json
Analisis-CC-PyCEFR,raw,generator.py,generator.py,Joined String,334,334,10,A1,1,/home/juan/Documents/Analisis-CC-PyCEFR/data/processed/Analisis-CC-PyCEFR/data_pycefr.json
Analisis-CC-PyCEFR,raw,generator.py,generator.py,Joined String,335,335,10,A1,1,/home/juan/Documents/Analisis-CC-PyCEFR/data/processed/Analisis-CC-PyCEFR/data_pycefr.json
Analisis-CC-PyCEFR,raw,generator.py,generator.py,Joined String,336,336,10,A1,1,/home/juan/Documents/Analisis-CC-PyCEFR/data/processed/Analisis-CC-PyCEFR/data_pycefr.json
Analisis-CC-PyCEFR,raw,generator.py,generator.py,Joined String,408,408,14,A1,1,/home/juan/Documents/Analisis-CC-PyCEFR/data/processed/Analisis-CC-PyCEFR/data_pycefr.json
Analisis-CC-PyCEFR,raw,generator.py,generator.py,Joined String,343,345,16,A1,1,/home/juan/Documents/Analisis-CC-PyCEFR/data/processed/Analisis-CC-PyCEFR/data_pycefr.json
Analisis-CC-PyCEFR,raw,generator.py,generator.py,Joined String,352,353,16,A1,1,/home/juan/Documents/Analisis-CC-PyCEFR/data/processed/Analisis-CC-PyCEFR/data_pycefr.json
Analisis-CC-PyCEFR,raw,generator.py,generator.py,Joined String,360,361,16,A1,1,/home/juan/Documents/Analisis-CC-PyCEFR/data/processed/Analisis-CC-PyCEFR/data_pycefr.json
Analisis-CC-PyCEFR,raw,generator.py,generator.py,Joined String,369,370,16,A1,1,/home/juan/Documents/Analisis-CC-PyCEFR/data/processed/Analisis-CC-PyCEFR/data_pycefr.json
Analisis-CC-PyCEFR,raw,generator.py,generator.py,Joined String,345,345,39,A1,1,/home/juan/Documents/Analisis-CC-PyCEFR/data/processed/Analisis-CC-PyCEFR/data_pycefr.json
Analisis-CC-PyCEFR,raw,generator.py,generator.py,Print,330,330,4,A1,1,/home/juan/Documents/Analisis-CC-PyCEFR/data/processed/Analisis-CC-PyCEFR/data_pycefr.json
Analisis-CC-PyCEFR,raw,generator.py,generator.py,Print,331,331,4,A1,1,/home/juan/Documents/Analisis-CC-PyCEFR/data/processed/Analisis-CC-PyCEFR/data_pycefr.json
Analisis-CC-PyCEFR,raw,generator.py,generator.py,Print,332,332,4,A1,1,/home/juan/Documents/Analisis-CC-PyCEFR/data/processed/Analisis-CC-PyCEFR/data_pycefr.json
Analisis-CC-PyCEFR,raw,generator.py,generator.py,Print,333,333,4,A1,1,/home/juan/Documents/Analisis-CC-PyCEFR/data/processed/Analisis-CC-PyCEFR/data_pycefr.json
Analisis-CC-PyCEFR,raw,generator.py,generator.py,Print,334,334,4,A1,1,/home/juan/Documents/Analisis-CC-PyCEFR/data/processed/Analisis-CC-PyCEFR/data_pycefr.json
Analisis-CC-PyCEFR,raw,generator.py,generator.py,Print,335,335,4,A1,1,/home/juan/Documents/Analisis-CC-PyCEFR/data/processed/Analisis-CC-PyCEFR/data_pycefr.json
Analisis-CC-PyCEFR,raw,generator.py,generator.py,Print,336,336,4,A1,1,/home/juan/Documents/Analisis-CC-PyCEFR/data/processed/Analisis-CC-PyCEFR/data_pycefr.json
Analisis-CC-PyCEFR,raw,generator.py,generator.py,Print,339,339,8,A1,1,/home/juan/Documents/Analisis-CC-PyCEFR/data/processed/Analisis-CC-PyCEFR/data_pycefr.json
Analisis-CC-PyCEFR,raw,generator.py,generator.py,Print,349,349,8,A1,1,/home/juan/Documents/Analisis-CC-PyCEFR/data/processed/Analisis-CC-PyCEFR/data_pycefr.json
Analisis-CC-PyCEFR,raw,generator.py,generator.py,Print,357,357,8,A1,1,/home/juan/Documents/Analisis-CC-PyCEFR/data/processed/Analisis-CC-PyCEFR/data_pycefr.json
Analisis-CC-PyCEFR,raw,generator.py,generator.py,Print,365,365,8,A1,1,/home/juan/Documents/Analisis-CC-PyCEFR/data/processed/Analisis-CC-PyCEFR/data_pycefr.json
Analisis-CC-PyCEFR,raw,generator.py,generator.py,Print,408,408,8,A1,1,/home/juan/Documents/Analisis-CC-PyCEFR/data/processed/Analisis-CC-PyCEFR/data_pycefr.json
Analisis-CC-PyCEFR,raw,generator.py,generator.py,Files --> 'open' call function,38,38,13,A2,2,/home/juan/Documents/Analisis-CC-PyCEFR/data/processed/Analisis-CC-PyCEFR/data_pycefr.json
Analisis-CC-PyCEFR,raw,generator.py,generator.py,Files --> 'write' call function,39,39,12,A2,2,/home/juan/Documents/Analisis-CC-PyCEFR/data/processed/Analisis-CC-PyCEFR/data_pycefr.json
Analisis-CC-PyCEFR,raw,generator.py,generator.py,Files --> 'open' call function,95,95,13,A2,2,/home/juan/Documents/Analisis-CC-PyCEFR/data/processed/Analisis-CC-PyCEFR/data_pycefr.json
Analisis-CC-PyCEFR,raw,generator.py,generator.py,Print,342,346,12,A1,1,/home/juan/Documents/Analisis-CC-PyCEFR/data/processed/Analisis-CC-PyCEFR/data_pycefr.json
Analisis-CC-PyCEFR,raw,generator.py,generator.py,Print,351,354,12,A1,1,/home/juan/Documents/Analisis-CC-PyCEFR/data/processed/Analisis-CC-PyCEFR/data_pycefr.json
Analisis-CC-PyCEFR,raw,generator.py,generator.py,Print,359,362,12,A1,1,/home/juan/Documents/Analisis-CC-PyCEFR/data/processed/Analisis-CC-PyCEFR/data_pycefr.json
Analisis-CC-PyCEFR,raw,generator.py,generator.py,Print,368,371,12,A1,1,/home/juan/Documents/Analisis-CC-PyCEFR/data/processed/Analisis-CC-PyCEFR/data_pycefr.json
Analisis-CC-PyCEFR,raw,generator.py,generator.py,If statements expression (else),68,68,20,B1,3,/home/juan/Documents/Analisis-CC-PyCEFR/data/processed/Analisis-CC-PyCEFR/data_pycefr.json
Analisis-CC-PyCEFR,raw,generator.py,generator.py,If statements expression (else),196,196,16,B1,3,/home/juan/Documents/Analisis-CC-PyCEFR/data/processed/Analisis-CC-PyCEFR/data_pycefr.json
Analisis-CC-PyCEFR,raw,generator.py,generator.py,If statements expression (else),197,197,16,B1,3,/home/juan/Documents/Analisis-CC-PyCEFR/data/processed/Analisis-CC-PyCEFR/data_pycefr.json
Analisis-CC-PyCEFR,raw,generator.py,generator.py,If statements expression (else),198,198,16,B1,3,/home/juan/Documents/Analisis-CC-PyCEFR/data/processed/Analisis-CC-PyCEFR/data_pycefr.json
Analisis-CC-PyCEFR,raw,generator.py,generator.py,If statements expression (else),199,199,16,B1,3,/home/juan/Documents/Analisis-CC-PyCEFR/data/processed/Analisis-CC-PyCEFR/data_pycefr.json
Analisis-CC-PyCEFR,raw,generator.py,generator.py,If statements expression (else),200,200,16,B1,3,/home/juan/Documents/Analisis-CC-PyCEFR/data/processed/Analisis-CC-PyCEFR/data_pycefr.json
Analisis-CC-PyCEFR,raw,generator.py,generator.py,Simple Atributte,45,45,20,A2,2,/home/juan/Documents/Analisis-CC-PyCEFR/data/processed/Analisis-CC-PyCEFR/data_pycefr.json
Analisis-CC-PyCEFR,raw,generator.py,generator.py,Simple Atributte,403,403,7,A2,2,/home/juan/Documents/Analisis-CC-PyCEFR/data/processed/Analisis-CC-PyCEFR/data_pycefr.json
Analisis-CC-PyCEFR,raw,generator.py,generator.py,Simple Atributte,46,46,13,A2,2,/home/juan/Documents/Analisis-CC-PyCEFR/data/processed/Analisis-CC-PyCEFR/data_pycefr.json
Analisis-CC-PyCEFR,raw,generator.py,generator.py,Simple Atributte,52,52,4,A2,2,/home/juan/Documents/Analisis-CC-PyCEFR/data/processed/Analisis-CC-PyCEFR/data_pycefr.json
Analisis-CC-PyCEFR,raw,generator.py,generator.py,Simple Atributte,53,53,4,A2,2,/home/juan/Documents/Analisis-CC-PyCEFR/data/processed/Analisis-CC-PyCEFR/data_pycefr.json
Analisis-CC-PyCEFR,raw,generator.py,generator.py,Simple Atributte,54,54,4,A2,2,/home/juan/Documents/Analisis-CC-PyCEFR/data/processed/Analisis-CC-PyCEFR/data_pycefr.json
Analisis-CC-PyCEFR,raw,generator.py,generator.py,Simple Atributte,58,58,4,A2,2,/home/juan/Documents/Analisis-CC-PyCEFR/data/processed/Analisis-CC-PyCEFR/data_pycefr.json
Analisis-CC-PyCEFR,raw,generator.py,generator.py,Simple Atributte,63,63,11,A2,2,/home/juan/Documents/Analisis-CC-PyCEFR/data/processed/Analisis-CC-PyCEFR/data_pycefr.json
Analisis-CC-PyCEFR,raw,generator.py,generator.py,Simple Atributte,70,70,7,A2,2,/home/juan/Documents/Analisis-CC-PyCEFR/data/processed/Analisis-CC-PyCEFR/data_pycefr.json
Analisis-CC-PyCEFR,raw,generator.py,generator.py,Simple Atributte,113,113,11,A2,2,/home/juan/Documents/Analisis-CC-PyCEFR/data/processed/Analisis-CC-PyCEFR/data_pycefr.json
Analisis-CC-PyCEFR,raw,generator.py,generator.py,Simple Atributte,394,394,28,A2,2,/home/juan/Documents/Analisis-CC-PyCEFR/data/processed/Analisis-CC-PyCEFR/data_pycefr.json
Analisis-CC-PyCEFR,raw,generator.py,generator.py,Simple Atributte,395,395,27,A2,2,/home/juan/Documents/Analisis-CC-PyCEFR/data/processed/Analisis-CC-PyCEFR/data_pycefr.json
Analisis-CC-PyCEFR,raw,generator.py,generator.py,Simple Atributte,68,68,38,A2,2,/home/juan/Documents/Analisis-CC-PyCEFR/data/processed/Analisis-CC-PyCEFR/data_pycefr.json
Analisis-CC-PyCEFR,raw,generator.py,generator.py,Simple Atributte,70,70,7,A2,2,/home/juan/Documents/Analisis-CC-PyCEFR/data/processed/Analisis-CC-PyCEFR/data_pycefr.json
Analisis-CC-PyCEFR,raw,generator.py,generator.py,Simple Atributte,179,179,25,A2,2,/home/juan/Documents/Analisis-CC-PyCEFR/data/processed/Analisis-CC-PyCEFR/data_pycefr.json
Analisis-CC-PyCEFR,raw,generator.py,generator.py,Simple Atributte,212,212,21,A2,2,/home/juan/Documents/Analisis-CC-PyCEFR/data/processed/Analisis-CC-PyCEFR/data_pycefr.json
Analisis-CC-PyCEFR,raw,generator.py,generator.py,Simple Atributte,281,281,13,A2,2,/home/juan/Documents/Analisis-CC-PyCEFR/data/processed/Analisis-CC-PyCEFR/data_pycefr.json
Analisis-CC-PyCEFR,raw,generator.py,generator.py,Simple Atributte,282,282,13,A2,2,/home/juan/Documents/Analisis-CC-PyCEFR/data/processed/Analisis-CC-PyCEFR/data_pycefr.json
Analisis-CC-PyCEFR,raw,generator.py,generator.py,Simple Atributte,401,401,38,A2,2,/home/juan/Documents/Analisis-CC-PyCEFR/data/processed/Analisis-CC-PyCEFR/data_pycefr.json
Analisis-CC-PyCEFR,raw,generator.py,generator.py,Simple Atributte,404,404,27,A2,2,/home/juan/Documents/Analisis-CC-PyCEFR/data/processed/Analisis-CC-PyCEFR/data_pycefr.json
Analisis-CC-PyCEFR,raw,generator.py,generator.py,Simple Atributte,405,405,8,A2,2,/home/juan/Documents/Analisis-CC-PyCEFR/data/processed/Analisis-CC-PyCEFR/data_pycefr.json
Analisis-CC-PyCEFR,raw,generator.py,generator.py,Simple Atributte,39,39,12,A2,2,/home/juan/Documents/Analisis-CC-PyCEFR/data/processed/Analisis-CC-PyCEFR/data_pycefr.json
Analisis-CC-PyCEFR,raw,generator.py,generator.py,Simple Atributte,68,68,73,A2,2,/home/juan/Documents/Analisis-CC-PyCEFR/data/processed/Analisis-CC-PyCEFR/data_pycefr.json
Analisis-CC-PyCEFR,raw,generator.py,generator.py,Simple Atributte,96,96,22,A2,2,/home/juan/Documents/Analisis-CC-PyCEFR/data/processed/Analisis-CC-PyCEFR/data_pycefr.json
Analisis-CC-PyCEFR,raw,generator.py,generator.py,Simple Atributte,153,153,30,A2,2,/home/juan/Documents/Analisis-CC-PyCEFR/data/processed/Analisis-CC-PyCEFR/data_pycefr.json
Analisis-CC-PyCEFR,raw,generator.py,generator.py,Simple Atributte,221,221,38,A2,2,/home/juan/Documents/Analisis-CC-PyCEFR/data/processed/Analisis-CC-PyCEFR/data_pycefr.json
Analisis-CC-PyCEFR,raw,generator.py,generator.py,Simple Atributte,234,234,30,A2,2,/home/juan/Documents/Analisis-CC-PyCEFR/data/processed/Analisis-CC-PyCEFR/data_pycefr.json
Analisis-CC-PyCEFR,raw,generator.py,generator.py,Simple Atributte,285,285,12,A2,2,/home/juan/Documents/Analisis-CC-PyCEFR/data/processed/Analisis-CC-PyCEFR/data_pycefr.json
Analisis-CC-PyCEFR,raw,generator.py,generator.py,Simple Atributte,288,288,12,A2,2,/home/juan/Documents/Analisis-CC-PyCEFR/data/processed/Analisis-CC-PyCEFR/data_pycefr.json
Analisis-CC-PyCEFR,raw,generator.py,generator.py,Simple Atributte,304,304,27,A2,2,/home/juan/Documents/Analisis-CC-PyCEFR/data/processed/Analisis-CC-PyCEFR/data_pycefr.json
Analisis-CC-PyCEFR,raw,generator.py,generator.py,Simple Atributte,305,305,26,A2,2,/home/juan/Documents/Analisis-CC-PyCEFR/data/processed/Analisis-CC-PyCEFR/data_pycefr.json
Analisis-CC-PyCEFR,raw,generator.py,generator.py,Simple Atributte,308,308,12,A2,2,/home/juan/Documents/Analisis-CC-PyCEFR/data/processed/Analisis-CC-PyCEFR/data_pycefr.json
Analisis-CC-PyCEFR,raw,generator.py,generator.py,Simple Atributte,310,310,12,A2,2,/home/juan/Documents/Analisis-CC-PyCEFR/data/processed/Analisis-CC-PyCEFR/data_pycefr.json
Analisis-CC-PyCEFR,raw,generator.py,generator.py,Simple Atributte,386,386,22,A2,2,/home/juan/Documents/Analisis-CC-PyCEFR/data/processed/Analisis-CC-PyCEFR/data_pycefr.json
Analisis-CC-PyCEFR,raw,generator.py,generator.py,Simple Atributte,387,387,21,A2,2,/home/juan/Documents/Analisis-CC-PyCEFR/data/processed/Analisis-CC-PyCEFR/data_pycefr.json
Analisis-CC-PyCEFR,raw,generator.py,generator.py,Simple Atributte,388,388,22,A2,2,/home/juan/Documents/Analisis-CC-PyCEFR/data/processed/Analisis-CC-PyCEFR/data_pycefr.json
Analisis-CC-PyCEFR,raw,generator.py,generator.py,Simple Atributte,389,389,28,A2,2,/home/juan/Documents/Analisis-CC-PyCEFR/data/processed/Analisis-CC-PyCEFR/data_pycefr.json
Analisis-CC-PyCEFR,raw,generator.py,generator.py,Simple Atributte,405,405,8,A2,2,/home/juan/Documents/Analisis-CC-PyCEFR/data/processed/Analisis-CC-PyCEFR/data_pycefr.json
Analisis-CC-PyCEFR,raw,generator.py,generator.py,Simple Atributte,406,406,13,A2,2,/home/juan/Documents/Analisis-CC-PyCEFR/data/processed/Analisis-CC-PyCEFR/data_pycefr.json
Analisis-CC-PyCEFR,raw,generator.py,generator.py,Simple Atributte,407,407,12,A2,2,/home/juan/Documents/Analisis-CC-PyCEFR/data/processed/Analisis-CC-PyCEFR/data_pycefr.json
Analisis-CC-PyCEFR,raw,generator.py,generator.py,Simple Atributte,35,35,25,A2,2,/home/juan/Documents/Analisis-CC-PyCEFR/data/processed/Analisis-CC-PyCEFR/data_pycefr.json
Analisis-CC-PyCEFR,raw,generator.py,generator.py,Simple Atributte,72,72,13,A2,2,/home/juan/Documents/Analisis-CC-PyCEFR/data/processed/Analisis-CC-PyCEFR/data_pycefr.json
Analisis-CC-PyCEFR,raw,generator.py,generator.py,Simple Atributte,87,87,22,A2,2,/home/juan/Documents/Analisis-CC-PyCEFR/data/processed/Analisis-CC-PyCEFR/data_pycefr.json
Analisis-CC-PyCEFR,raw,generator.py,generator.py,Simple Atributte,88,88,23,A2,2,/home/juan/Documents/Analisis-CC-PyCEFR/data/processed/Analisis-CC-PyCEFR/data_pycefr.json
Analisis-CC-PyCEFR,raw,generator.py,generator.py,Simple Atributte,165,165,25,A2,2,/home/juan/Documents/Analisis-CC-PyCEFR/data/processed/Analisis-CC-PyCEFR/data_pycefr.json
Analisis-CC-PyCEFR,raw,generator.py,generator.py,Simple Atributte,232,232,16,A2,2,/home/juan/Documents/Analisis-CC-PyCEFR/data/processed/Analisis-CC-PyCEFR/data_pycefr.json
Analisis-CC-PyCEFR,raw,generator.py,generator.py,Simple Atributte,273,273,22,A2,2,/home/juan/Documents/Analisis-CC-PyCEFR/data/processed/Analisis-CC-PyCEFR/data_pycefr.json
Analisis-CC-PyCEFR,raw,generator.py,generator.py,Simple Atributte,273,273,43,A2,2,/home/juan/Documents/Analisis-CC-PyCEFR/data/processed/Analisis-CC-PyCEFR/data_pycefr.json
Analisis-CC-PyCEFR,raw,generator.py,generator.py,Simple Atributte,385,385,19,A2,2,/home/juan/Documents/Analisis-CC-PyCEFR/data/processed/Analisis-CC-PyCEFR/data_pycefr.json
Analisis-CC-PyCEFR,raw,generator.py,generator.py,Simple Atributte,39,39,25,A2,2,/home/juan/Documents/Analisis-CC-PyCEFR/data/processed/Analisis-CC-PyCEFR/data_pycefr.json
Analisis-CC-PyCEFR,raw,generator.py,generator.py,Simple Atributte,75,75,24,A2,2,/home/juan/Documents/Analisis-CC-PyCEFR/data/processed/Analisis-CC-PyCEFR/data_pycefr.json
Analisis-CC-PyCEFR,raw,generator.py,generator.py,Simple Atributte,85,85,23,A2,2,/home/juan/Documents/Analisis-CC-PyCEFR/data/processed/Analisis-CC-PyCEFR/data_pycefr.json
Analisis-CC-PyCEFR,raw,generator.py,generator.py,Simple Atributte,376,376,24,A2,2,/home/juan/Documents/Analisis-CC-PyCEFR/data/processed/Analisis-CC-PyCEFR/data_pycefr.json
Analisis-CC-PyCEFR,raw,generator.py,generator.py,Simple Atributte,72,72,35,A2,2,/home/juan/Documents/Analisis-CC-PyCEFR/data/processed/Analisis-CC-PyCEFR/data_pycefr.json
Analisis-CC-PyCEFR,raw,generator.py,generator.py,Simple Atributte,225,225,24,A2,2,/home/juan/Documents/Analisis-CC-PyCEFR/data/processed/Analisis-CC-PyCEFR/data_pycefr.json
Analisis-CC-PyCEFR,raw,generator.py,generator.py,Simple Atributte,72,72,35,A2,2,/home/juan/Documents/Analisis-CC-PyCEFR/data/processed/Analisis-CC-PyCEFR/data_pycefr.json
Analisis-CC-PyCEFR,raw,generator.py,generator.py,Simple Atributte,72,72,69,A2,2,/home/juan/Documents/Analisis-CC-PyCEFR/data/processed/Analisis-CC-PyCEFR/data_pycefr.json
Analisis-CC-PyCEFR,raw,generator.py,generator.py,Simple Atributte,107,107,27,A2,2,/home/juan/Documents/Analisis-CC-PyCEFR/data/processed/Analisis-CC-PyCEFR/data_pycefr.json
Analisis-CC-PyCEFR,raw,generator.py,generator.py,Simple Atributte,72,72,69,A2,2,/home/juan/Documents/Analisis-CC-PyCEFR/data/processed/Analisis-CC-PyCEFR/data_pycefr.json
Analisis-CC-PyCEFR,raw,generator.py,generator.py,Unary Operation,213,213,15,A1,1,/home/juan/Documents/Analisis-CC-PyCEFR/data/processed/Analisis-CC-PyCEFR/data_pycefr.json
Analisis-CC-PyCEFR,raw,generator.py,generator.py,Unary Operation,216,216,15,A1,1,/home/juan/Documents/Analisis-CC-PyCEFR/data/processed/Analisis-CC-PyCEFR/data_pycefr.json
Analisis-CC-PyCEFR,raw,generator.py,generator.py,Unary Operation,284,284,18,A1,1,/home/juan/Documents/Analisis-CC-PyCEFR/data/processed/Analisis-CC-PyCEFR/data_pycefr.json
Analisis-CC-PyCEFR,raw,generator.py,generator.py,Unary Operation,287,287,18,A1,1,/home/juan/Documents/Analisis-CC-PyCEFR/data/processed/Analisis-CC-PyCEFR/data_pycefr.json
Analisis-CC-PyCEFR,raw,generator.py,generator.py,Boolean Operation,179,179,11,A1,1,/home/juan/Documents/Analisis-CC-PyCEFR/data/processed/Analisis-CC-PyCEFR/data_pycefr.json
Analisis-CC-PyCEFR,raw,generator.py,generator.py,Boolean Operation,192,192,16,A1,1,/home/juan/Documents/Analisis-CC-PyCEFR/data/processed/Analisis-CC-PyCEFR/data_pycefr.json
Analisis-CC-PyCEFR,raw,generator.py,generator.py,Boolean Operation,364,364,7,A1,1,/home/juan/Documents/Analisis-CC-PyCEFR/data/processed/Analisis-CC-PyCEFR/data_pycefr.json
Analisis-CC-PyCEFR,raw,generator.py,generator.py,Boolean Operation,284,284,11,A1,1,/home/juan/Documents/Analisis-CC-PyCEFR/data/processed/Analisis-CC-PyCEFR/data_pycefr.json
Analisis-CC-PyCEFR,raw,generator.py,generator.py,Boolean Operation,287,287,11,A1,1,/home/juan/Documents/Analisis-CC-PyCEFR/data/processed/Analisis-CC-PyCEFR/data_pycefr.json
Analisis-CC-PyCEFR,raw,generator.py,generator.py,Boolean Operation,236,236,19,A1,1,/home/juan/Documents/Analisis-CC-PyCEFR/data/processed/Analisis-CC-PyCEFR/data_pycefr.json
Analisis-CC-PyCEFR,raw,generator.py,generator.py,Boolean Operation,238,238,19,A1,1,/home/juan/Documents/Analisis-CC-PyCEFR/data/processed/Analisis-CC-PyCEFR/data_pycefr.json
Analisis-CC-PyCEFR,raw,generator.py,generator.py,Subscript,206,206,47,A1,1,/home/juan/Documents/Analisis-CC-PyCEFR/data/processed/Analisis-CC-PyCEFR/data_pycefr.json
Analisis-CC-PyCEFR,raw,generator.py,generator.py,Subscript,251,251,40,A1,1,/home/juan/Documents/Analisis-CC-PyCEFR/data/processed/Analisis-CC-PyCEFR/data_pycefr.json
Analisis-CC-PyCEFR,raw,generator.py,generator.py,Subscript,260,260,52,A1,1,/home/juan/Documents/Analisis-CC-PyCEFR/data/processed/Analisis-CC-PyCEFR/data_pycefr.json
Analisis-CC-PyCEFR,raw,generator.py,generator.py,Subscript,269,269,90,A1,1,/home/juan/Documents/Analisis-CC-PyCEFR/data/processed/Analisis-CC-PyCEFR/data_pycefr.json
Analisis-CC-PyCEFR,raw,generator.py,generator.py,Subscript,182,182,87,A1,1,/home/juan/Documents/Analisis-CC-PyCEFR/data/processed/Analisis-CC-PyCEFR/data_pycefr.json
Analisis-CC-PyCEFR,raw,generator.py,generator.py,Subscript,207,207,13,A1,1,/home/juan/Documents/Analisis-CC-PyCEFR/data/processed/Analisis-CC-PyCEFR/data_pycefr.json
Analisis-CC-PyCEFR,raw,generator.py,generator.py,Subscript,206,206,52,A1,1,/home/juan/Documents/Analisis-CC-PyCEFR/data/processed/Analisis-CC-PyCEFR/data_pycefr.json
Analisis-CC-PyCEFR,raw,generator.py,generator.py,Subscript,261,261,13,A1,1,/home/juan/Documents/Analisis-CC-PyCEFR/data/processed/Analisis-CC-PyCEFR/data_pycefr.json
Analisis-CC-PyCEFR,raw,generator.py,generator.py,Subscript,329,329,14,A1,1,/home/juan/Documents/Analisis-CC-PyCEFR/data/processed/Analisis-CC-PyCEFR/data_pycefr.json
Analisis-CC-PyCEFR,raw,generator.py,generator.py,Subscript,338,338,7,A1,1,/home/juan/Documents/Analisis-CC-PyCEFR/data/processed/Analisis-CC-PyCEFR/data_pycefr.json
Analisis-CC-PyCEFR,raw,generator.py,generator.py,Subscript,348,348,7,A1,1,/home/juan/Documents/Analisis-CC-PyCEFR/data/processed/Analisis-CC-PyCEFR/data_pycefr.json
Analisis-CC-PyCEFR,raw,generator.py,generator.py,Subscript,356,356,7,A1,1,/home/juan/Documents/Analisis-CC-PyCEFR/data/processed/Analisis-CC-PyCEFR/data_pycefr.json
Analisis-CC-PyCEFR,raw,generator.py,generator.py,Subscript,27,27,82,A1,1,/home/juan/Documents/Analisis-CC-PyCEFR/data/processed/Analisis-CC-PyCEFR/data_pycefr.json
Analisis-CC-PyCEFR,raw,generator.py,generator.py,Subscript,71,73,22,A1,1,/home/juan/Documents/Analisis-CC-PyCEFR/data/processed/Analisis-CC-PyCEFR/data_pycefr.json
Analisis-CC-PyCEFR,raw,generator.py,generator.py,Subscript,171,171,21,A1,1,/home/juan/Documents/Analisis-CC-PyCEFR/data/processed/Analisis-CC-PyCEFR/data_pycefr.json
Analisis-CC-PyCEFR,raw,generator.py,generator.py,Subscript,171,171,43,A1,1,/home/juan/Documents/Analisis-CC-PyCEFR/data/processed/Analisis-CC-PyCEFR/data_pycefr.json
Analisis-CC-PyCEFR,raw,generator.py,generator.py,Subscript,182,182,27,A1,1,/home/juan/Documents/Analisis-CC-PyCEFR/data/processed/Analisis-CC-PyCEFR/data_pycefr.json
Analisis-CC-PyCEFR,raw,generator.py,generator.py,Subscript,207,207,18,A1,1,/home/juan/Documents/Analisis-CC-PyCEFR/data/processed/Analisis-CC-PyCEFR/data_pycefr.json
Analisis-CC-PyCEFR,raw,generator.py,generator.py,Subscript,251,251,21,A1,1,/home/juan/Documents/Analisis-CC-PyCEFR/data/processed/Analisis-CC-PyCEFR/data_pycefr.json
Analisis-CC-PyCEFR,raw,generator.py,generator.py,Subscript,253,253,8,A1,1,/home/juan/Documents/Analisis-CC-PyCEFR/data/processed/Analisis-CC-PyCEFR/data_pycefr.json
Analisis-CC-PyCEFR,raw,generator.py,generator.py,Subscript,254,254,8,A1,1,/home/juan/Documents/Analisis-CC-PyCEFR/data/processed/Analisis-CC-PyCEFR/data_pycefr.json
Analisis-CC-PyCEFR,raw,generator.py,generator.py,Subscript,255,255,8,A1,1,/home/juan/Documents/Analisis-CC-PyCEFR/data/processed/Analisis-CC-PyCEFR/data_pycefr.json
Analisis-CC-PyCEFR,raw,generator.py,generator.py,Subscript,256,256,8,A1,1,/home/juan/Documents/Analisis-CC-PyCEFR/data/processed/Analisis-CC-PyCEFR/data_pycefr.json
Analisis-CC-PyCEFR,raw,generator.py,generator.py,Subscript,260,260,27,A1,1,/home/juan/Documents/Analisis-CC-PyCEFR/data/processed/Analisis-CC-PyCEFR/data_pycefr.json
Analisis-CC-PyCEFR,raw,generator.py,generator.py,Subscript,260,260,57,A1,1,/home/juan/Documents/Analisis-CC-PyCEFR/data/processed/Analisis-CC-PyCEFR/data_pycefr.json
Analisis-CC-PyCEFR,raw,generator.py,generator.py,Subscript,260,260,98,A1,1,/home/juan/Documents/Analisis-CC-PyCEFR/data/processed/Analisis-CC-PyCEFR/data_pycefr.json
Analisis-CC-PyCEFR,raw,generator.py,generator.py,Subscript,269,269,28,A1,1,/home/juan/Documents/Analisis-CC-PyCEFR/data/processed/Analisis-CC-PyCEFR/data_pycefr.json
Analisis-CC-PyCEFR,raw,generator.py,generator.py,Subscript,269,269,65,A1,1,/home/juan/Documents/Analisis-CC-PyCEFR/data/processed/Analisis-CC-PyCEFR/data_pycefr.json
Analisis-CC-PyCEFR,raw,generator.py,generator.py,Subscript,291,291,16,A1,1,/home/juan/Documents/Analisis-CC-PyCEFR/data/processed/Analisis-CC-PyCEFR/data_pycefr.json
Analisis-CC-PyCEFR,raw,generator.py,generator.py,Subscript,292,292,16,A1,1,/home/juan/Documents/Analisis-CC-PyCEFR/data/processed/Analisis-CC-PyCEFR/data_pycefr.json
Analisis-CC-PyCEFR,raw,generator.py,generator.py,Subscript,328,328,25,A1,1,/home/juan/Documents/Analisis-CC-PyCEFR/data/processed/Analisis-CC-PyCEFR/data_pycefr.json
Analisis-CC-PyCEFR,raw,generator.py,generator.py,Subscript,340,340,20,A1,1,/home/juan/Documents/Analisis-CC-PyCEFR/data/processed/Analisis-CC-PyCEFR/data_pycefr.json
Analisis-CC-PyCEFR,raw,generator.py,generator.py,Subscript,350,350,20,A1,1,/home/juan/Documents/Analisis-CC-PyCEFR/data/processed/Analisis-CC-PyCEFR/data_pycefr.json
Analisis-CC-PyCEFR,raw,generator.py,generator.py,Subscript,358,358,20,A1,1,/home/juan/Documents/Analisis-CC-PyCEFR/data/processed/Analisis-CC-PyCEFR/data_pycefr.json
Analisis-CC-PyCEFR,raw,generator.py,generator.py,Subscript,364,364,24,A1,1,/home/juan/Documents/Analisis-CC-PyCEFR/data/processed/Analisis-CC-PyCEFR/data_pycefr.json
Analisis-CC-PyCEFR,raw,generator.py,generator.py,Subscript,366,366,20,A1,1,/home/juan/Documents/Analisis-CC-PyCEFR/data/processed/Analisis-CC-PyCEFR/data_pycefr.json
Analisis-CC-PyCEFR,raw,generator.py,generator.py,Subscript,174,174,19,A1,1,/home/juan/Documents/Analisis-CC-PyCEFR/data/processed/Analisis-CC-PyCEFR/data_pycefr.json
Analisis-CC-PyCEFR,raw,generator.py,generator.py,Subscript,260,260,32,A1,1,/home/juan/Documents/Analisis-CC-PyCEFR/data/processed/Analisis-CC-PyCEFR/data_pycefr.json
Analisis-CC-PyCEFR,raw,generator.py,generator.py,Subscript,261,261,18,A1,1,/home/juan/Documents/Analisis-CC-PyCEFR/data/processed/Analisis-CC-PyCEFR/data_pycefr.json
Analisis-CC-PyCEFR,raw,generator.py,generator.py,Subscript,261,261,59,A1,1,/home/juan/Documents/Analisis-CC-PyCEFR/data/processed/Analisis-CC-PyCEFR/data_pycefr.json
Analisis-CC-PyCEFR,raw,generator.py,generator.py,Subscript,265,265,12,A1,1,/home/juan/Documents/Analisis-CC-PyCEFR/data/processed/Analisis-CC-PyCEFR/data_pycefr.json
Analisis-CC-PyCEFR,raw,generator.py,generator.py,Subscript,269,269,33,A1,1,/home/juan/Documents/Analisis-CC-PyCEFR/data/processed/Analisis-CC-PyCEFR/data_pycefr.json
Analisis-CC-PyCEFR,raw,generator.py,generator.py,Subscript,269,269,70,A1,1,/home/juan/Documents/Analisis-CC-PyCEFR/data/processed/Analisis-CC-PyCEFR/data_pycefr.json
Analisis-CC-PyCEFR,raw,generator.py,generator.py,Subscript,341,341,18,A1,1,/home/juan/Documents/Analisis-CC-PyCEFR/data/processed/Analisis-CC-PyCEFR/data_pycefr.json
Analisis-CC-PyCEFR,raw,generator.py,generator.py,Subscript,367,367,18,A1,1,/home/juan/Documents/Analisis-CC-PyCEFR/data/processed/Analisis-CC-PyCEFR/data_pycefr.json
Analisis-CC-PyCEFR,raw,generator.py,generator.py,Subscript,296,296,24,A1,1,/home/juan/Documents/Analisis-CC-PyCEFR/data/processed/Analisis-CC-PyCEFR/data_pycefr.json
Analisis-CC-PyCEFR,raw,generator.py,generator.py,Subscript,297,297,24,A1,1,/home/juan/Documents/Analisis-CC-PyCEFR/data/processed/Analisis-CC-PyCEFR/data_pycefr.json
Analisis-CC-PyCEFR,raw,generator.py,generator.py,Subscript,298,298,24,A1,1,/home/juan/Documents/Analisis-CC-PyCEFR/data/processed/Analisis-CC-PyCEFR/data_pycefr.json
Analisis-CC-PyCEFR,raw,generator.py,generator.py,Subscript,299,299,24,A1,1,/home/juan/Documents/Analisis-CC-PyCEFR/data/processed/Analisis-CC-PyCEFR/data_pycefr.json
Analisis-CC-PyCEFR,raw,generator.py,generator.py,Subscript,331,331,34,A1,1,/home/juan/Documents/Analisis-CC-PyCEFR/data/processed/Analisis-CC-PyCEFR/data_pycefr.json
Analisis-CC-PyCEFR,raw,generator.py,generator.py,Subscript,332,332,34,A1,1,/home/juan/Documents/Analisis-CC-PyCEFR/data/processed/Analisis-CC-PyCEFR/data_pycefr.json
Analisis-CC-PyCEFR,raw,generator.py,generator.py,Subscript,333,333,34,A1,1,/home/juan/Documents/Analisis-CC-PyCEFR/data/processed/Analisis-CC-PyCEFR/data_pycefr.json
Analisis-CC-PyCEFR,raw,generator.py,generator.py,Subscript,334,334,34,A1,1,/home/juan/Documents/Analisis-CC-PyCEFR/data/processed/Analisis-CC-PyCEFR/data_pycefr.json
Analisis-CC-PyCEFR,raw,generator.py,generator.py,Subscript,335,335,34,A1,1,/home/juan/Documents/Analisis-CC-PyCEFR/data/processed/Analisis-CC-PyCEFR/data_pycefr.json
Analisis-CC-PyCEFR,raw,generator.py,generator.py,Subscript,336,336,34,A1,1,/home/juan/Documents/Analisis-CC-PyCEFR/data/processed/Analisis-CC-PyCEFR/data_pycefr.json
Analisis-CC-PyCEFR,raw,generator.py,generator.py,Subscript,343,343,21,A1,1,/home/juan/Documents/Analisis-CC-PyCEFR/data/processed/Analisis-CC-PyCEFR/data_pycefr.json
Analisis-CC-PyCEFR,raw,generator.py,generator.py,Subscript,343,343,36,A1,1,/home/juan/Documents/Analisis-CC-PyCEFR/data/processed/Analisis-CC-PyCEFR/data_pycefr.json
Analisis-CC-PyCEFR,raw,generator.py,generator.py,Subscript,343,343,56,A1,1,/home/juan/Documents/Analisis-CC-PyCEFR/data/processed/Analisis-CC-PyCEFR/data_pycefr.json
Analisis-CC-PyCEFR,raw,generator.py,generator.py,Subscript,343,343,76,A1,1,/home/juan/Documents/Analisis-CC-PyCEFR/data/processed/Analisis-CC-PyCEFR/data_pycefr.json
Analisis-CC-PyCEFR,raw,generator.py,generator.py,Subscript,344,344,22,A1,1,/home/juan/Documents/Analisis-CC-PyCEFR/data/processed/Analisis-CC-PyCEFR/data_pycefr.json
Analisis-CC-PyCEFR,raw,generator.py,generator.py,Subscript,344,344,53,A1,1,/home/juan/Documents/Analisis-CC-PyCEFR/data/processed/Analisis-CC-PyCEFR/data_pycefr.json
Analisis-CC-PyCEFR,raw,generator.py,generator.py,Subscript,345,345,26,A1,1,/home/juan/Documents/Analisis-CC-PyCEFR/data/processed/Analisis-CC-PyCEFR/data_pycefr.json
Analisis-CC-PyCEFR,raw,generator.py,generator.py,Subscript,352,352,21,A1,1,/home/juan/Documents/Analisis-CC-PyCEFR/data/processed/Analisis-CC-PyCEFR/data_pycefr.json
Analisis-CC-PyCEFR,raw,generator.py,generator.py,Subscript,352,352,37,A1,1,/home/juan/Documents/Analisis-CC-PyCEFR/data/processed/Analisis-CC-PyCEFR/data_pycefr.json
Analisis-CC-PyCEFR,raw,generator.py,generator.py,Subscript,352,352,58,A1,1,/home/juan/Documents/Analisis-CC-PyCEFR/data/processed/Analisis-CC-PyCEFR/data_pycefr.json
Analisis-CC-PyCEFR,raw,generator.py,generator.py,Subscript,352,352,79,A1,1,/home/juan/Documents/Analisis-CC-PyCEFR/data/processed/Analisis-CC-PyCEFR/data_pycefr.json
Analisis-CC-PyCEFR,raw,generator.py,generator.py,Subscript,353,353,22,A1,1,/home/juan/Documents/Analisis-CC-PyCEFR/data/processed/Analisis-CC-PyCEFR/data_pycefr.json
Analisis-CC-PyCEFR,raw,generator.py,generator.py,Subscript,360,360,21,A1,1,/home/juan/Documents/Analisis-CC-PyCEFR/data/processed/Analisis-CC-PyCEFR/data_pycefr.json
Analisis-CC-PyCEFR,raw,generator.py,generator.py,Subscript,360,360,37,A1,1,/home/juan/Documents/Analisis-CC-PyCEFR/data/processed/Analisis-CC-PyCEFR/data_pycefr.json
Analisis-CC-PyCEFR,raw,generator.py,generator.py,Subscript,360,360,58,A1,1,/home/juan/Documents/Analisis-CC-PyCEFR/data/processed/Analisis-CC-PyCEFR/data_pycefr.json
Analisis-CC-PyCEFR,raw,generator.py,generator.py,Subscript,360,360,79,A1,1,/home/juan/Documents/Analisis-CC-PyCEFR/data/processed/Analisis-CC-PyCEFR/data_pycefr.json
Analisis-CC-PyCEFR,raw,generator.py,generator.py,Subscript,361,361,22,A1,1,/home/juan/Documents/Analisis-CC-PyCEFR/data/processed/Analisis-CC-PyCEFR/data_pycefr.json
Analisis-CC-PyCEFR,raw,generator.py,generator.py,Subscript,369,369,21,A1,1,/home/juan/Documents/Analisis-CC-PyCEFR/data/processed/Analisis-CC-PyCEFR/data_pycefr.json
Analisis-CC-PyCEFR,raw,generator.py,generator.py,Subscript,369,369,36,A1,1,/home/juan/Documents/Analisis-CC-PyCEFR/data/processed/Analisis-CC-PyCEFR/data_pycefr.json
Analisis-CC-PyCEFR,raw,generator.py,generator.py,Subscript,369,369,56,A1,1,/home/juan/Documents/Analisis-CC-PyCEFR/data/processed/Analisis-CC-PyCEFR/data_pycefr.json
Analisis-CC-PyCEFR,raw,generator.py,generator.py,Subscript,369,369,76,A1,1,/home/juan/Documents/Analisis-CC-PyCEFR/data/processed/Analisis-CC-PyCEFR/data_pycefr.json
Analisis-CC-PyCEFR,raw,generator.py,generator.py,Subscript,370,370,22,A1,1,/home/juan/Documents/Analisis-CC-PyCEFR/data/processed/Analisis-CC-PyCEFR/data_pycefr.json
Analisis-CC-PyCEFR,raw,generator.py,generator.py,Slice,73,73,10,A1,1,/home/juan/Documents/Analisis-CC-PyCEFR/data/processed/Analisis-CC-PyCEFR/data_pycefr.json
Analisis-CC-PyCEFR,raw,generator.py,generator.py,List Comprehension with 1If statements,72,72,12,C1,5,/home/juan/Documents/Analisis-CC-PyCEFR/data/processed/Analisis-CC-PyCEFR/data_pycefr.json
Analisis-CC-PyCEFR,raw,generator.py,generator.py,Generator Expression,216,216,22,C1,5,/home/juan/Documents/Analisis-CC-PyCEFR/data/processed/Analisis-CC-PyCEFR/data_pycefr.json
Analisis-CC-PyCEFR,raw,generator.py,generator.py,Simple Assignment,17,17,0,A1,1,/home/juan/Documents/Analisis-CC-PyCEFR/data/processed/Analisis-CC-PyCEFR/data_pycefr.json
Analisis-CC-PyCEFR,raw,generator.py,generator.py,Simple Assignment,18,18,0,A1,1,/home/juan/Documents/Analisis-CC-PyCEFR/data/processed/Analisis-CC-PyCEFR/data_pycefr.json
Analisis-CC-PyCEFR,raw,generator.py,generator.py,Simple Assignment,19,19,0,A1,1,/home/juan/Documents/Analisis-CC-PyCEFR/data/processed/Analisis-CC-PyCEFR/data_pycefr.json
Analisis-CC-PyCEFR,raw,generator.py,generator.py,Simple Assignment,20,20,0,A1,1,/home/juan/Documents/Analisis-CC-PyCEFR/data/processed/Analisis-CC-PyCEFR/data_pycefr.json
Analisis-CC-PyCEFR,raw,generator.py,generator.py,Simple Assignment,21,21,0,A1,1,/home/juan/Documents/Analisis-CC-PyCEFR/data/processed/Analisis-CC-PyCEFR/data_pycefr.json
Analisis-CC-PyCEFR,raw,generator.py,generator.py,Simple Assignment,22,22,0,A1,1,/home/juan/Documents/Analisis-CC-PyCEFR/data/processed/Analisis-CC-PyCEFR/data_pycefr.json
Analisis-CC-PyCEFR,raw,generator.py,generator.py,Simple Assignment,23,23,0,A1,1,/home/juan/Documents/Analisis-CC-PyCEFR/data/processed/Analisis-CC-PyCEFR/data_pycefr.json
Analisis-CC-PyCEFR,raw,generator.py,generator.py,Simple Assignment,24,24,0,A1,1,/home/juan/Documents/Analisis-CC-PyCEFR/data/processed/Analisis-CC-PyCEFR/data_pycefr.json
Analisis-CC-PyCEFR,raw,generator.py,generator.py,Simple Assignment,28,36,4,A1,1,/home/juan/Documents/Analisis-CC-PyCEFR/data/processed/Analisis-CC-PyCEFR/data_pycefr.json
Analisis-CC-PyCEFR,raw,generator.py,generator.py,Simple Assignment,46,51,4,A1,1,/home/juan/Documents/Analisis-CC-PyCEFR/data/processed/Analisis-CC-PyCEFR/data_pycefr.json
Analisis-CC-PyCEFR,raw,generator.py,generator.py,Simple Assignment,67,67,4,A1,1,/home/juan/Documents/Analisis-CC-PyCEFR/data/processed/Analisis-CC-PyCEFR/data_pycefr.json
Analisis-CC-PyCEFR,raw,generator.py,generator.py,Simple Assignment,68,68,4,A1,1,/home/juan/Documents/Analisis-CC-PyCEFR/data/processed/Analisis-CC-PyCEFR/data_pycefr.json
Analisis-CC-PyCEFR,raw,generator.py,generator.py,Simple Assignment,69,69,4,A1,1,/home/juan/Documents/Analisis-CC-PyCEFR/data/processed/Analisis-CC-PyCEFR/data_pycefr.json
Analisis-CC-PyCEFR,raw,generator.py,generator.py,Simple Assignment,75,75,4,A1,1,/home/juan/Documents/Analisis-CC-PyCEFR/data/processed/Analisis-CC-PyCEFR/data_pycefr.json
Analisis-CC-PyCEFR,raw,generator.py,generator.py,Simple Assignment,183,183,4,A1,1,/home/juan/Documents/Analisis-CC-PyCEFR/data/processed/Analisis-CC-PyCEFR/data_pycefr.json
Analisis-CC-PyCEFR,raw,generator.py,generator.py,Simple Assignment,184,184,4,A1,1,/home/juan/Documents/Analisis-CC-PyCEFR/data/processed/Analisis-CC-PyCEFR/data_pycefr.json
Analisis-CC-PyCEFR,raw,generator.py,generator.py,Simple Assignment,188,188,4,A1,1,/home/juan/Documents/Analisis-CC-PyCEFR/data/processed/Analisis-CC-PyCEFR/data_pycefr.json
Analisis-CC-PyCEFR,raw,generator.py,generator.py,Simple Assignment,189,189,4,A1,1,/home/juan/Documents/Analisis-CC-PyCEFR/data/processed/Analisis-CC-PyCEFR/data_pycefr.json
Analisis-CC-PyCEFR,raw,generator.py,generator.py,Simple Assignment,190,190,4,A1,1,/home/juan/Documents/Analisis-CC-PyCEFR/data/processed/Analisis-CC-PyCEFR/data_pycefr.json
Analisis-CC-PyCEFR,raw,generator.py,generator.py,Simple Assignment,191,191,4,A1,1,/home/juan/Documents/Analisis-CC-PyCEFR/data/processed/Analisis-CC-PyCEFR/data_pycefr.json
Analisis-CC-PyCEFR,raw,generator.py,generator.py,Simple Assignment,192,192,4,A1,1,/home/juan/Documents/Analisis-CC-PyCEFR/data/processed/Analisis-CC-PyCEFR/data_pycefr.json
Analisis-CC-PyCEFR,raw,generator.py,generator.py,Simple Assignment,270,270,4,A1,1,/home/juan/Documents/Analisis-CC-PyCEFR/data/processed/Analisis-CC-PyCEFR/data_pycefr.json
Analisis-CC-PyCEFR,raw,generator.py,generator.py,Simple Assignment,271,271,4,A1,1,/home/juan/Documents/Analisis-CC-PyCEFR/data/processed/Analisis-CC-PyCEFR/data_pycefr.json
Analisis-CC-PyCEFR,raw,generator.py,generator.py,Simple Assignment,273,273,4,A1,1,/home/juan/Documents/Analisis-CC-PyCEFR/data/processed/Analisis-CC-PyCEFR/data_pycefr.json
Analisis-CC-PyCEFR,raw,generator.py,generator.py,Simple Assignment,275,275,4,A1,1,/home/juan/Documents/Analisis-CC-PyCEFR/data/processed/Analisis-CC-PyCEFR/data_pycefr.json
Analisis-CC-PyCEFR,raw,generator.py,generator.py,Simple Assignment,276,276,4,A1,1,/home/juan/Documents/Analisis-CC-PyCEFR/data/processed/Analisis-CC-PyCEFR/data_pycefr.json
Analisis-CC-PyCEFR,raw,generator.py,generator.py,Simple Assignment,277,277,4,A1,1,/home/juan/Documents/Analisis-CC-PyCEFR/data/processed/Analisis-CC-PyCEFR/data_pycefr.json
Analisis-CC-PyCEFR,raw,generator.py,generator.py,Simple Assignment,278,278,4,A1,1,/home/juan/Documents/Analisis-CC-PyCEFR/data/processed/Analisis-CC-PyCEFR/data_pycefr.json
Analisis-CC-PyCEFR,raw,generator.py,generator.py,Simple Assignment,329,329,4,A1,1,/home/juan/Documents/Analisis-CC-PyCEFR/data/processed/Analisis-CC-PyCEFR/data_pycefr.json
Analisis-CC-PyCEFR,raw,generator.py,generator.py,Simple Assignment,375,375,4,A1,1,/home/juan/Documents/Analisis-CC-PyCEFR/data/processed/Analisis-CC-PyCEFR/data_pycefr.json
Analisis-CC-PyCEFR,raw,generator.py,generator.py,Simple Assignment,376,376,4,A1,1,/home/juan/Documents/Analisis-CC-PyCEFR/data/processed/Analisis-CC-PyCEFR/data_pycefr.json
Analisis-CC-PyCEFR,raw,generator.py,generator.py,Simple Assignment,394,394,4,A1,1,/home/juan/Documents/Analisis-CC-PyCEFR/data/processed/Analisis-CC-PyCEFR/data_pycefr.json
Analisis-CC-PyCEFR,raw,generator.py,generator.py,Simple Assignment,395,395,4,A1,1,/home/juan/Documents/Analisis-CC-PyCEFR/data/processed/Analisis-CC-PyCEFR/data_pycefr.json
Analisis-CC-PyCEFR,raw,generator.py,generator.py,Simple Assignment,397,397,4,A1,1,/home/juan/Documents/Analisis-CC-PyCEFR/data/processed/Analisis-CC-PyCEFR/data_pycefr.json
Analisis-CC-PyCEFR,raw,generator.py,generator.py,Simple Assignment,398,398,4,A1,1,/home/juan/Documents/Analisis-CC-PyCEFR/data/processed/Analisis-CC-PyCEFR/data_pycefr.json
Analisis-CC-PyCEFR,raw,generator.py,generator.py,Simple Assignment,399,399,4,A1,1,/home/juan/Documents/Analisis-CC-PyCEFR/data/processed/Analisis-CC-PyCEFR/data_pycefr.json
Analisis-CC-PyCEFR,raw,generator.py,generator.py,Simple Assignment,71,73,8,A1,1,/home/juan/Documents/Analisis-CC-PyCEFR/data/processed/Analisis-CC-PyCEFR/data_pycefr.json
Analisis-CC-PyCEFR,raw,generator.py,generator.py,Simple Assignment,211,211,8,A1,1,/home/juan/Documents/Analisis-CC-PyCEFR/data/processed/Analisis-CC-PyCEFR/data_pycefr.json
Analisis-CC-PyCEFR,raw,generator.py,generator.py,Simple Assignment,263,263,8,A1,1,/home/juan/Documents/Analisis-CC-PyCEFR/data/processed/Analisis-CC-PyCEFR/data_pycefr.json
Analisis-CC-PyCEFR,raw,generator.py,generator.py,Simple Assignment,281,281,8,A1,1,/home/juan/Documents/Analisis-CC-PyCEFR/data/processed/Analisis-CC-PyCEFR/data_pycefr.json
Analisis-CC-PyCEFR,raw,generator.py,generator.py,Simple Assignment,282,282,8,A1,1,/home/juan/Documents/Analisis-CC-PyCEFR/data/processed/Analisis-CC-PyCEFR/data_pycefr.json
Analisis-CC-PyCEFR,raw,generator.py,generator.py,Simple Assignment,291,291,8,A1,1,/home/juan/Documents/Analisis-CC-PyCEFR/data/processed/Analisis-CC-PyCEFR/data_pycefr.json
Analisis-CC-PyCEFR,raw,generator.py,generator.py,Simple Assignment,292,292,8,A1,1,/home/juan/Documents/Analisis-CC-PyCEFR/data/processed/Analisis-CC-PyCEFR/data_pycefr.json
Analisis-CC-PyCEFR,raw,generator.py,generator.py,Assigment with sum (total = total + 1),293,293,8,A1,1,/home/juan/Documents/Analisis-CC-PyCEFR/data/processed/Analisis-CC-PyCEFR/data_pycefr.json
Analisis-CC-PyCEFR,raw,generator.py,generator.py,Simple Assignment,294,306,8,A1,1,/home/juan/Documents/Analisis-CC-PyCEFR/data/processed/Analisis-CC-PyCEFR/data_pycefr.json
Analisis-CC-PyCEFR,raw,generator.py,generator.py,Simple Assignment,404,404,8,A1,1,/home/juan/Documents/Analisis-CC-PyCEFR/data/processed/Analisis-CC-PyCEFR/data_pycefr.json
Analisis-CC-PyCEFR,raw,generator.py,generator.py,Simple Assignment,96,96,12,A1,1,/home/juan/Documents/Analisis-CC-PyCEFR/data/processed/Analisis-CC-PyCEFR/data_pycefr.json
Analisis-CC-PyCEFR,raw,generator.py,generator.py,Simple Assignment,230,230,12,A1,1,/home/juan/Documents/Analisis-CC-PyCEFR/data/processed/Analisis-CC-PyCEFR/data_pycefr.json
Analisis-CC-PyCEFR,raw,generator.py,generator.py,Simple Assignment,265,265,12,A1,1,/home/juan/Documents/Analisis-CC-PyCEFR/data/processed/Analisis-CC-PyCEFR/data_pycefr.json
Analisis-CC-PyCEFR,raw,generator.py,generator.py,Simple Assignment,341,341,12,A1,1,/home/juan/Documents/Analisis-CC-PyCEFR/data/processed/Analisis-CC-PyCEFR/data_pycefr.json
Analisis-CC-PyCEFR,raw,generator.py,generator.py,Simple Assignment,367,367,12,A1,1,/home/juan/Documents/Analisis-CC-PyCEFR/data/processed/Analisis-CC-PyCEFR/data_pycefr.json
Analisis-CC-PyCEFR,raw,generator.py,generator.py,Simple Assignment,214,214,16,A1,1,/home/juan/Documents/Analisis-CC-PyCEFR/data/processed/Analisis-CC-PyCEFR/data_pycefr.json
Analisis-CC-PyCEFR,raw,generator.py,generator.py,Simple Assignment,217,217,16,A1,1,/home/juan/Documents/Analisis-CC-PyCEFR/data/processed/Analisis-CC-PyCEFR/data_pycefr.json
Analisis-CC-PyCEFR,raw,generator.py,generator.py,Simple Assignment,235,235,16,A1,1,/home/juan/Documents/Analisis-CC-PyCEFR/data/processed/Analisis-CC-PyCEFR/data_pycefr.json
Analisis-CC-PyCEFR,raw,generator.py,generator.py,Simple Assignment,223,223,20,A1,1,/home/juan/Documents/Analisis-CC-PyCEFR/data/processed/Analisis-CC-PyCEFR/data_pycefr.json
Analisis-CC-PyCEFR,raw,generator.py,generator.py,Simple Assignment,237,237,20,A1,1,/home/juan/Documents/Analisis-CC-PyCEFR/data/processed/Analisis-CC-PyCEFR/data_pycefr.json
Analisis-CC-PyCEFR,raw,generator.py,generator.py,Simple Assignment,239,239,20,A1,1,/home/juan/Documents/Analisis-CC-PyCEFR/data/processed/Analisis-CC-PyCEFR/data_pycefr.json
Analisis-CC-PyCEFR,raw,generator.py,generator.py,'raise' exception,414,414,4,B1,3,/home/juan/Documents/Analisis-CC-PyCEFR/data/processed/Analisis-CC-PyCEFR/data_pycefr.json
Analisis-CC-PyCEFR,raw,generator.py,generator.py,'raise' exception,112,112,8,B1,3,/home/juan/Documents/Analisis-CC-PyCEFR/data/processed/Analisis-CC-PyCEFR/data_pycefr.json
Analisis-CC-PyCEFR,raw,generator.py,generator.py,'raise' exception,127,127,8,B1,3,/home/juan/Documents/Analisis-CC-PyCEFR/data/processed/Analisis-CC-PyCEFR/data_pycefr.json
Analisis-CC-PyCEFR,raw,generator.py,generator.py,'raise' exception,142,142,8,B1,3,/home/juan/Documents/Analisis-CC-PyCEFR/data/processed/Analisis-CC-PyCEFR/data_pycefr.json
Analisis-CC-PyCEFR,raw,generator.py,generator.py,'pass' statement,42,42,8,B1,3,/home/juan/Documents/Analisis-CC-PyCEFR/data/processed/Analisis-CC-PyCEFR/data_pycefr.json
Analisis-CC-PyCEFR,raw,generator.py,generator.py,Annotated Assignment,207,207,4,A1,1,/home/juan/Documents/Analisis-CC-PyCEFR/data/processed/Analisis-CC-PyCEFR/data_pycefr.json
Analisis-CC-PyCEFR,raw,generator.py,generator.py,Annotated Assignment,261,261,4,A1,1,/home/juan/Documents/Analisis-CC-PyCEFR/data/processed/Analisis-CC-PyCEFR/data_pycefr.json
Analisis-CC-PyCEFR,raw,generator.py,generator.py,Import,10,10,0,A2,2,/home/juan/Documents/Analisis-CC-PyCEFR/data/processed/Analisis-CC-PyCEFR/data_pycefr.json
Analisis-CC-PyCEFR,raw,generator.py,generator.py,Import,11,11,0,A2,2,/home/juan/Documents/Analisis-CC-PyCEFR/data/processed/Analisis-CC-PyCEFR/data_pycefr.json
Analisis-CC-PyCEFR,raw,generator.py,generator.py,Import,12,12,0,A2,2,/home/juan/Documents/Analisis-CC-PyCEFR/data/processed/Analisis-CC-PyCEFR/data_pycefr.json
Analisis-CC-PyCEFR,raw,generator.py,generator.py,Import,13,13,0,A2,2,/home/juan/Documents/Analisis-CC-PyCEFR/data/processed/Analisis-CC-PyCEFR/data_pycefr.json
Analisis-CC-PyCEFR,raw,generator.py,generator.py,From,8,8,0,A2,2,/home/juan/Documents/Analisis-CC-PyCEFR/data/processed/Analisis-CC-PyCEFR/data_pycefr.json
Analisis-CC-PyCEFR,raw,generator.py,generator.py,From,14,14,0,A2,2,/home/juan/Documents/Analisis-CC-PyCEFR/data/processed/Analisis-CC-PyCEFR/data_pycefr.json
Analisis-CC-PyCEFR,raw,generator.py,generator.py,From,15,15,0,A2,2,/home/juan/Documents/Analisis-CC-PyCEFR/data/processed/Analisis-CC-PyCEFR/data_pycefr.json
Analisis-CC-PyCEFR,raw,generator.py,generator.py,Alias,8,8,23,A1,1,/home/juan/Documents/Analisis-CC-PyCEFR/data/processed/Analisis-CC-PyCEFR/data_pycefr.json
Analisis-CC-PyCEFR,raw,generator.py,generator.py,Alias,10,10,7,A1,1,/home/juan/Documents/Analisis-CC-PyCEFR/data/processed/Analisis-CC-PyCEFR/data_pycefr.json
Analisis-CC-PyCEFR,raw,generator.py,generator.py,Alias,11,11,7,A1,1,/home/juan/Documents/Analisis-CC-PyCEFR/data/processed/Analisis-CC-PyCEFR/data_pycefr.json
Analisis-CC-PyCEFR,raw,generator.py,generator.py,Alias,12,12,7,A1,1,/home/juan/Documents/Analisis-CC-PyCEFR/data/processed/Analisis-CC-PyCEFR/data_pycefr.json
Analisis-CC-PyCEFR,raw,generator.py,generator.py,Alias,13,13,7,A1,1,/home/juan/Documents/Analisis-CC-PyCEFR/data/processed/Analisis-CC-PyCEFR/data_pycefr.json
Analisis-CC-PyCEFR,raw,generator.py,generator.py,Alias,14,14,20,A1,1,/home/juan/Documents/Analisis-CC-PyCEFR/data/processed/Analisis-CC-PyCEFR/data_pycefr.json
Analisis-CC-PyCEFR,raw,generator.py,generator.py,Alias,15,15,19,A1,1,/home/juan/Documents/Analisis-CC-PyCEFR/data/processed/Analisis-CC-PyCEFR/data_pycefr.json
Analisis-CC-PyCEFR,raw,generator.py,generator.py,If statements using → __name__ == ‘__main__’,413,414,0,B2,4,/home/juan/Documents/Analisis-CC-PyCEFR/data/processed/Analisis-CC-PyCEFR/data_pycefr.json
Analisis-CC-PyCEFR,raw,generator.py,generator.py,Simple If statements,70,73,4,A1,1,/home/juan/Documents/Analisis-CC-PyCEFR/data/processed/Analisis-CC-PyCEFR/data_pycefr.json
Analisis-CC-PyCEFR,raw,generator.py,generator.py,Simple If statements,161,162,4,A1,1,/home/juan/Documents/Analisis-CC-PyCEFR/data/processed/Analisis-CC-PyCEFR/data_pycefr.json
Analisis-CC-PyCEFR,raw,generator.py,generator.py,Simple If statements,163,167,4,A1,1,/home/juan/Documents/Analisis-CC-PyCEFR/data/processed/Analisis-CC-PyCEFR/data_pycefr.json
Analisis-CC-PyCEFR,raw,generator.py,generator.py,Simple If statements,185,186,4,A1,1,/home/juan/Documents/Analisis-CC-PyCEFR/data/processed/Analisis-CC-PyCEFR/data_pycefr.json
Analisis-CC-PyCEFR,raw,generator.py,generator.py,Simple If statements,210,226,4,A1,1,/home/juan/Documents/Analisis-CC-PyCEFR/data/processed/Analisis-CC-PyCEFR/data_pycefr.json
Analisis-CC-PyCEFR,raw,generator.py,generator.py,Simple If statements,338,346,4,A1,1,/home/juan/Documents/Analisis-CC-PyCEFR/data/processed/Analisis-CC-PyCEFR/data_pycefr.json
Analisis-CC-PyCEFR,raw,generator.py,generator.py,Simple If statements,348,354,4,A1,1,/home/juan/Documents/Analisis-CC-PyCEFR/data/processed/Analisis-CC-PyCEFR/data_pycefr.json
Analisis-CC-PyCEFR,raw,generator.py,generator.py,Simple If statements,356,362,4,A1,1,/home/juan/Documents/Analisis-CC-PyCEFR/data/processed/Analisis-CC-PyCEFR/data_pycefr.json
Analisis-CC-PyCEFR,raw,generator.py,generator.py,Simple If statements,364,371,4,A1,1,/home/juan/Documents/Analisis-CC-PyCEFR/data/processed/Analisis-CC-PyCEFR/data_pycefr.json
Analisis-CC-PyCEFR,raw,generator.py,generator.py,Simple If statements,403,408,4,A1,1,/home/juan/Documents/Analisis-CC-PyCEFR/data/processed/Analisis-CC-PyCEFR/data_pycefr.json
Analisis-CC-PyCEFR,raw,generator.py,generator.py,Simple If statements,173,174,8,A1,1,/home/juan/Documents/Analisis-CC-PyCEFR/data/processed/Analisis-CC-PyCEFR/data_pycefr.json
Analisis-CC-PyCEFR,raw,generator.py,generator.py,Simple If statements,220,226,8,A1,1,/home/juan/Documents/Analisis-CC-PyCEFR/data/processed/Analisis-CC-PyCEFR/data_pycefr.json
Analisis-CC-PyCEFR,raw,generator.py,generator.py,Simple If statements,229,241,8,A1,1,/home/juan/Documents/Analisis-CC-PyCEFR/data/processed/Analisis-CC-PyCEFR/data_pycefr.json
Analisis-CC-PyCEFR,raw,generator.py,generator.py,Simple If statements,243,245,8,A1,1,/home/juan/Documents/Analisis-CC-PyCEFR/data/processed/Analisis-CC-PyCEFR/data_pycefr.json
Analisis-CC-PyCEFR,raw,generator.py,generator.py,Simple If statements,264,265,8,A1,1,/home/juan/Documents/Analisis-CC-PyCEFR/data/processed/Analisis-CC-PyCEFR/data_pycefr.json
Analisis-CC-PyCEFR,raw,generator.py,generator.py,Simple If statements,284,286,8,A1,1,/home/juan/Documents/Analisis-CC-PyCEFR/data/processed/Analisis-CC-PyCEFR/data_pycefr.json
Analisis-CC-PyCEFR,raw,generator.py,generator.py,Simple If statements,287,289,8,A1,1,/home/juan/Documents/Analisis-CC-PyCEFR/data/processed/Analisis-CC-PyCEFR/data_pycefr.json
Analisis-CC-PyCEFR,raw,generator.py,generator.py,Simple If statements,307,310,8,A1,1,/home/juan/Documents/Analisis-CC-PyCEFR/data/processed/Analisis-CC-PyCEFR/data_pycefr.json
Analisis-CC-PyCEFR,raw,generator.py,generator.py,Simple If statements,213,215,12,A1,1,/home/juan/Documents/Analisis-CC-PyCEFR/data/processed/Analisis-CC-PyCEFR/data_pycefr.json
Analisis-CC-PyCEFR,raw,generator.py,generator.py,Simple If statements,216,218,12,A1,1,/home/juan/Documents/Analisis-CC-PyCEFR/data/processed/Analisis-CC-PyCEFR/data_pycefr.json
Analisis-CC-PyCEFR,raw,generator.py,generator.py,Simple If statements,231,232,12,A1,1,/home/juan/Documents/Analisis-CC-PyCEFR/data/processed/Analisis-CC-PyCEFR/data_pycefr.json
Analisis-CC-PyCEFR,raw,generator.py,generator.py,Simple If statements,236,237,16,A1,1,/home/juan/Documents/Analisis-CC-PyCEFR/data/processed/Analisis-CC-PyCEFR/data_pycefr.json
Analisis-CC-PyCEFR,raw,generator.py,generator.py,Simple If statements,238,239,16,A1,1,/home/juan/Documents/Analisis-CC-PyCEFR/data/processed/Analisis-CC-PyCEFR/data_pycefr.json
Analisis-CC-PyCEFR,raw,generator.py,generator.py,Simple If statements,224,225,20,A1,1,/home/juan/Documents/Analisis-CC-PyCEFR/data/processed/Analisis-CC-PyCEFR/data_pycefr.json
Analisis-CC-PyCEFR,raw,generator.py,generator.py,Simple For Loop,172,174,4,A1,1,/home/juan/Documents/Analisis-CC-PyCEFR/data/processed/Analisis-CC-PyCEFR/data_pycefr.json
Analisis-CC-PyCEFR,raw,generator.py,generator.py,Simple For Loop,262,265,4,A1,1,/home/juan/Documents/Analisis-CC-PyCEFR/data/processed/Analisis-CC-PyCEFR/data_pycefr.json
Analisis-CC-PyCEFR,raw,generator.py,generator.py,Simple For Loop,280,310,4,A1,1,/home/juan/Documents/Analisis-CC-PyCEFR/data/processed/Analisis-CC-PyCEFR/data_pycefr.json
Analisis-CC-PyCEFR,raw,generator.py,generator.py,Simple For Loop,212,218,8,A1,1,/home/juan/Documents/Analisis-CC-PyCEFR/data/processed/Analisis-CC-PyCEFR/data_pycefr.json
Analisis-CC-PyCEFR,raw,generator.py,generator.py,Simple For Loop,340,346,8,A1,1,/home/juan/Documents/Analisis-CC-PyCEFR/data/processed/Analisis-CC-PyCEFR/data_pycefr.json
Analisis-CC-PyCEFR,raw,generator.py,generator.py,Simple For Loop,350,354,8,A1,1,/home/juan/Documents/Analisis-CC-PyCEFR/data/processed/Analisis-CC-PyCEFR/data_pycefr.json
Analisis-CC-PyCEFR,raw,generator.py,generator.py,Simple For Loop,358,362,8,A1,1,/home/juan/Documents/Analisis-CC-PyCEFR/data/processed/Analisis-CC-PyCEFR/data_pycefr.json
Analisis-CC-PyCEFR,raw,generator.py,generator.py,Simple For Loop,366,371,8,A1,1,/home/juan/Documents/Analisis-CC-PyCEFR/data/processed/Analisis-CC-PyCEFR/data_pycefr.json
Analisis-CC-PyCEFR,raw,generator.py,generator.py,For Loop with Tuple as name,221,225,12,A2,2,/home/juan/Documents/Analisis-CC-PyCEFR/data/processed/Analisis-CC-PyCEFR/data_pycefr.json
Analisis-CC-PyCEFR,raw,generator.py,generator.py,For Loop with Tuple as name,234,240,12,A2,2,/home/juan/Documents/Analisis-CC-PyCEFR/data/processed/Analisis-CC-PyCEFR/data_pycefr.json
Analisis-CC-PyCEFR,raw,generator.py,generator.py,Simple For Loop,244,245,12,A1,1,/home/juan/Documents/Analisis-CC-PyCEFR/data/processed/Analisis-CC-PyCEFR/data_pycefr.json
Analisis-CC-PyCEFR,raw,generator.py,generator.py,Simple For Loop,222,225,16,A1,1,/home/juan/Documents/Analisis-CC-PyCEFR/data/processed/Analisis-CC-PyCEFR/data_pycefr.json
Analisis-CC-PyCEFR,raw,generator.py,generator.py,'break' statement,215,215,16,B1,3,/home/juan/Documents/Analisis-CC-PyCEFR/data/processed/Analisis-CC-PyCEFR/data_pycefr.json
Analisis-CC-PyCEFR,raw,generator.py,generator.py,'break' statement,218,218,16,B1,3,/home/juan/Documents/Analisis-CC-PyCEFR/data/processed/Analisis-CC-PyCEFR/data_pycefr.json
Analisis-CC-PyCEFR,raw,generator.py,generator.py,'continue' statement,286,286,12,B1,3,/home/juan/Documents/Analisis-CC-PyCEFR/data/processed/Analisis-CC-PyCEFR/data_pycefr.json
Analisis-CC-PyCEFR,raw,generator.py,generator.py,'continue' statement,289,289,12,B1,3,/home/juan/Documents/Analisis-CC-PyCEFR/data/processed/Analisis-CC-PyCEFR/data_pycefr.json
Analisis-CC-PyCEFR,raw,generator.py,generator.py,Exception --> try/except,37,42,4,B1,3,/home/juan/Documents/Analisis-CC-PyCEFR/data/processed/Analisis-CC-PyCEFR/data_pycefr.json
Analisis-CC-PyCEFR,raw,generator.py,generator.py,Exception --> try/except,94,142,4,B1,3,/home/juan/Documents/Analisis-CC-PyCEFR/data/processed/Analisis-CC-PyCEFR/data_pycefr.json
Analisis-CC-PyCEFR,raw,generator.py,generator.py,Exception --> try/except,164,167,8,B1,3,/home/juan/Documents/Analisis-CC-PyCEFR/data/processed/Analisis-CC-PyCEFR/data_pycefr.json
Analisis-CC-PyCEFR,raw,generator.py,generator.py,With,38,39,8,B1,3,/home/juan/Documents/Analisis-CC-PyCEFR/data/processed/Analisis-CC-PyCEFR/data_pycefr.json
Analisis-CC-PyCEFR,raw,generator.py,generator.py,With,95,96,8,B1,3,/home/juan/Documents/Analisis-CC-PyCEFR/data/processed/Analisis-CC-PyCEFR/data_pycefr.json
Analisis-CC-PyCEFR,raw,generator.py,generator.py,With,406,407,8,B1,3,/home/juan/Documents/Analisis-CC-PyCEFR/data/processed/Analisis-CC-PyCEFR/data_pycefr.json
Analisis-CC-PyCEFR,raw,generator.py,generator.py,Except Handler,40,42,4,A1,1,/home/juan/Documents/Analisis-CC-PyCEFR/data/processed/Analisis-CC-PyCEFR/data_pycefr.json
Analisis-CC-PyCEFR,raw,generator.py,generator.py,Except Handler,97,112,4,A1,1,/home/juan/Documents/Analisis-CC-PyCEFR/data/processed/Analisis-CC-PyCEFR/data_pycefr.json
Analisis-CC-PyCEFR,raw,generator.py,generator.py,Except Handler,113,127,4,A1,1,/home/juan/Documents/Analisis-CC-PyCEFR/data/processed/Analisis-CC-PyCEFR/data_pycefr.json
Analisis-CC-PyCEFR,raw,generator.py,generator.py,Except Handler,128,142,4,A1,1,/home/juan/Documents/Analisis-CC-PyCEFR/data/processed/Analisis-CC-PyCEFR/data_pycefr.json
Analisis-CC-PyCEFR,raw,generator.py,generator.py,Except Handler,166,167,8,A1,1,/home/juan/Documents/Analisis-CC-PyCEFR/data/processed/Analisis-CC-PyCEFR/data_pycefr.json
Analisis-CC-PyCEFR,raw,generator.py,generator.py,Function with Simple argument,27,42,0,A1,1,/home/juan/Documents/Analisis-CC-PyCEFR/data/processed/Analisis-CC-PyCEFR/data_pycefr.json
Analisis-CC-PyCEFR,raw,generator.py,generator.py,Function,45,63,0,A1,1,/home/juan/Documents/Analisis-CC-PyCEFR/data/processed/Analisis-CC-PyCEFR/data_pycefr.json
Analisis-CC-PyCEFR,raw,generator.py,generator.py,Function with Simple argument,66,157,0,A1,1,/home/juan/Documents/Analisis-CC-PyCEFR/data/processed/Analisis-CC-PyCEFR/data_pycefr.json
Analisis-CC-PyCEFR,raw,generator.py,generator.py,Function with Simple argument,160,168,0,A1,1,/home/juan/Documents/Analisis-CC-PyCEFR/data/processed/Analisis-CC-PyCEFR/data_pycefr.json
Analisis-CC-PyCEFR,raw,generator.py,generator.py,Function with Simple argument,171,175,0,A1,1,/home/juan/Documents/Analisis-CC-PyCEFR/data/processed/Analisis-CC-PyCEFR/data_pycefr.json
Analisis-CC-PyCEFR,raw,generator.py,generator.py,Function with Simple argument,178,179,0,A1,1,/home/juan/Documents/Analisis-CC-PyCEFR/data/processed/Analisis-CC-PyCEFR/data_pycefr.json
Analisis-CC-PyCEFR,raw,generator.py,generator.py,Function with Simple argument,182,203,0,A1,1,/home/juan/Documents/Analisis-CC-PyCEFR/data/processed/Analisis-CC-PyCEFR/data_pycefr.json
Analisis-CC-PyCEFR,raw,generator.py,generator.py,Function with Simple argument,206,248,0,A1,1,/home/juan/Documents/Analisis-CC-PyCEFR/data/processed/Analisis-CC-PyCEFR/data_pycefr.json
Analisis-CC-PyCEFR,raw,generator.py,generator.py,Function with Simple argument,251,257,0,A1,1,/home/juan/Documents/Analisis-CC-PyCEFR/data/processed/Analisis-CC-PyCEFR/data_pycefr.json
Analisis-CC-PyCEFR,raw,generator.py,generator.py,Function with Simple argument,260,266,0,A1,1,/home/juan/Documents/Analisis-CC-PyCEFR/data/processed/Analisis-CC-PyCEFR/data_pycefr.json
Analisis-CC-PyCEFR,raw,generator.py,generator.py,Function with Simple argument,269,325,0,A1,1,/home/juan/Documents/Analisis-CC-PyCEFR/data/processed/Analisis-CC-PyCEFR/data_pycefr.json
Analisis-CC-PyCEFR,raw,generator.py,generator.py,Function with Simple argument,328,371,0,A1,1,/home/juan/Documents/Analisis-CC-PyCEFR/data/processed/Analisis-CC-PyCEFR/data_pycefr.json
Analisis-CC-PyCEFR,raw,generator.py,generator.py,Function,374,410,0,A1,1,/home/juan/Documents/Analisis-CC-PyCEFR/data/processed/Analisis-CC-PyCEFR/data_pycefr.json
Analisis-CC-PyCEFR,raw,generator.py,generator.py,Recursive Functions,228,245,4,B2,4,/home/juan/Documents/Analisis-CC-PyCEFR/data/processed/Analisis-CC-PyCEFR/data_pycefr.json
Analisis-CC-PyCEFR,raw,generator.py,generator.py,Return,63,63,4,A1,1,/home/juan/Documents/Analisis-CC-PyCEFR/data/processed/Analisis-CC-PyCEFR/data_pycefr.json
Analisis-CC-PyCEFR,raw,generator.py,generator.py,Return,157,157,4,A1,1,/home/juan/Documents/Analisis-CC-PyCEFR/data/processed/Analisis-CC-PyCEFR/data_pycefr.json
Analisis-CC-PyCEFR,raw,generator.py,generator.py,Return,168,168,4,A1,1,/home/juan/Documents/Analisis-CC-PyCEFR/data/processed/Analisis-CC-PyCEFR/data_pycefr.json
Analisis-CC-PyCEFR,raw,generator.py,generator.py,Return,175,175,4,A1,1,/home/juan/Documents/Analisis-CC-PyCEFR/data/processed/Analisis-CC-PyCEFR/data_pycefr.json
Analisis-CC-PyCEFR,raw,generator.py,generator.py,Return,179,179,4,A1,1,/home/juan/Documents/Analisis-CC-PyCEFR/data/processed/Analisis-CC-PyCEFR/data_pycefr.json
Analisis-CC-PyCEFR,raw,generator.py,generator.py,Return,194,203,4,A1,1,/home/juan/Documents/Analisis-CC-PyCEFR/data/processed/Analisis-CC-PyCEFR/data_pycefr.json
Analisis-CC-PyCEFR,raw,generator.py,generator.py,Return,248,248,4,A1,1,/home/juan/Documents/Analisis-CC-PyCEFR/data/processed/Analisis-CC-PyCEFR/data_pycefr.json
Analisis-CC-PyCEFR,raw,generator.py,generator.py,Return,252,257,4,A1,1,/home/juan/Documents/Analisis-CC-PyCEFR/data/processed/Analisis-CC-PyCEFR/data_pycefr.json
Analisis-CC-PyCEFR,raw,generator.py,generator.py,Return,266,266,4,A1,1,/home/juan/Documents/Analisis-CC-PyCEFR/data/processed/Analisis-CC-PyCEFR/data_pycefr.json
Analisis-CC-PyCEFR,raw,generator.py,generator.py,Return,312,325,4,A1,1,/home/juan/Documents/Analisis-CC-PyCEFR/data/processed/Analisis-CC-PyCEFR/data_pycefr.json
Analisis-CC-PyCEFR,raw,generator.py,generator.py,Return,410,410,4,A1,1,/home/juan/Documents/Analisis-CC-PyCEFR/data/processed/Analisis-CC-PyCEFR/data_pycefr.json
Analisis-CC-PyCEFR,raw,generator.py,generator.py,Return,162,162,8,A1,1,/home/juan/Documents/Analisis-CC-PyCEFR/data/processed/Analisis-CC-PyCEFR/data_pycefr.json
Analisis-CC-PyCEFR,raw,generator.py,generator.py,Return,186,186,8,A1,1,/home/juan/Documents/Analisis-CC-PyCEFR/data/processed/Analisis-CC-PyCEFR/data_pycefr.json
Analisis-CC-PyCEFR,raw,generator.py,generator.py,Return,165,165,12,A1,1,/home/juan/Documents/Analisis-CC-PyCEFR/data/processed/Analisis-CC-PyCEFR/data_pycefr.json
Analisis-CC-PyCEFR,raw,generator.py,generator.py,Return,174,174,12,A1,1,/home/juan/Documents/Analisis-CC-PyCEFR/data/processed/Analisis-CC-PyCEFR/data_pycefr.json
Analisis-CC-PyCEFR,raw,generator.py,generator.py,Return,226,226,12,A1,1,/home/juan/Documents/Analisis-CC-PyCEFR/data/processed/Analisis-CC-PyCEFR/data_pycefr.json
Analisis-CC-PyCEFR,raw,generator.py,generator.py,Return,241,241,12,A1,1,/home/juan/Documents/Analisis-CC-PyCEFR/data/processed/Analisis-CC-PyCEFR/data_pycefr.json
Analisis-CC-PyCEFR,raw,generator.py,generator.py,Return,167,167,12,A1,1,/home/juan/Documents/Analisis-CC-PyCEFR/data/processed/Analisis-CC-PyCEFR/data_pycefr.json
